municipality,y2000,y2001,y2002,y2003,y2004,y2005,y2006,y2007,y2008,y2009,y2010,y2011,y2012,y2013,y2014,change2001,change2002,change2003,change2004,change2005,change2006,change2007,change2008,change2009,change2010,change2011,change2012,change2013,change2014,comparison,county
Ale,"6,5","4,9","5,1","4,2","4,5","4,8","5,1","3,6","3,4","5,5","6,8","5,3",5,"5,5","4,9","-1,6","0,2","-0,9","0,3","0,3","0,3","-1,5","-0,2","2,1","1,3","-1,5","-0,3","0,5","-0,6","Kungälv,Göteborg,Alingsås,Lerum,Trollhättan,Lilla Edet",Västra Götalands län
Alingsås,"5,6","4,3","4,7","4,4","4,9","5,2","5,2","3,7",3,"5,7","7,4","5,6","5,5","6,3",6,"-1,3","0,4","-0,3","0,5","0,3",0,"-1,5","-0,7","2,7","1,7","-1,8","-0,1","0,8","-0,3","Bollebygd,Lerum,Trollhättan,Ale,Vårgårda,Essunga",Västra Götalands län
Alvesta,"4,2","4,1",4,"3,2","3,8","4,2",4,"2,9","2,4","4,7","7,9",7,"7,8","8,9","8,9","-0,1","-0,1","-0,8","0,6","0,4","-0,2","-1,1","-0,5","2,3","3,2","-0,9","0,8","1,1",0,"Tingsryd,Växjö,Ljungby,Älmhult,Sävsjö,Värnamo",Kronobergs län
Aneby,4,"3,6","2,5","2,4","3,7","3,9","4,8","3,3","2,5","4,9","7,4","5,6",6,"6,6","6,2","-0,4","-1,1","-0,1","1,3","0,2","0,9","-1,5","-0,8","2,4","2,5","-1,8","0,4","0,6","-0,4","Eksjö,Ydre,Tranås,Nässjö,Jönköping",Jönköpings län
Arboga,9,7,"7,7","6,8","7,2","6,7","6,6","4,6","4,6","6,5","10,1","8,5","7,5","8,9","9,4",-2,"0,7","-0,9","0,4","-0,5","-0,1",-2,0,"1,9","3,6","-1,6",-1,"1,4","0,5","Kungsör,Eskilstuna,Lindesberg,Örebro,Köping",Västmanlands län
Arjeplog,"6,7","5,2","9,2","7,3","6,3","7,9","6,2","4,6","4,8","6,1","9,6","8,1","5,1","6,1","5,6","-1,5",4,"-1,9",-1,"1,6","-1,7","-1,6","0,2","1,3","3,5","-1,5",-3,1,"-0,5","Arvidsjaur,Sorsele,Jokkmokk",Norrbottens län
Arvidsjaur,"12,5","11,3","11,2","9,9","9,5","9,9","8,3","6,6","5,6","7,8","9,5","9,3","8,1","7,2","7,7","-1,2","-0,1","-1,3","-0,4","0,4","-1,6","-1,7",-1,"2,2","1,7","-0,2","-1,2","-0,9","0,5","Norsjö,Malå,Sorsele,Piteå,Skellefteå,Älvsbyn,Jokkmokk,Arjeplog",Norrbottens län
Arvika,"7,3","7,4","6,5","6,4","5,9","6,1","5,3","3,8","3,7",7,"9,9","8,5","7,4","8,2","6,9","0,1","-0,9","-0,1","-0,5","0,2","-0,8","-1,5","-0,1","3,3","2,9","-1,4","-1,1","0,8","-1,3","Säffle,Sunne,Årjäng,Torsby,Eda,Kil,Grums",Värmlands län
Askersund,"6,6","6,4","5,5","6,4","7,1","7,8","7,3","5,2",4,"5,7","7,4","5,6","5,4","6,1","5,5","-0,2","-0,9","0,9","0,7","0,7","-0,5","-2,1","-1,2","1,7","1,7","-1,8","-0,2","0,7","-0,6","Motala,Karlsborg,Laxå,Hallsberg",Örebro län
Avesta,9,"7,4","6,5","6,6","6,5","7,4","7,3","5,7","3,5","5,8","7,6",7,7,"7,4","8,1","-1,6","-0,9","0,1","-0,1","0,9","-0,1","-1,6","-2,2","2,3","1,8","-0,6",0,"0,4","0,7","Heby,Norberg,Sala,Hofors,Sandviken,Hedemora",Dalarnas län
Bengtsfors,"13,9","10,3","8,1","7,3",8,"8,9","10,2","6,6","5,7",8,"8,7","7,9","7,9","8,3","8,3","-3,6","-2,2","-0,8","0,7","0,9","1,3","-3,6","-0,9","2,3","0,7","-0,8",0,"0,4",0,"Säffle,Åmål,Dals-Ed,Mellerud,Färgelanda,Årjäng",Västra Götalands län
Berg,"7,4","5,9",7,"5,9","6,5","6,9","6,9","4,4","3,6","6,4","12,5",9,"7,9","7,2","7,3","-1,5","1,1","-1,1","0,6","0,4",0,"-2,5","-0,8","2,8","6,1","-3,5","-1,1","-0,7","0,1","Härjedalen,Åre,Östersund,Ånge,Bräcke",Jämtlands län
Bjurholm,"3,9","3,9","3,5","3,7","4,3","5,1",5,"4,4","3,5","5,7","6,7","6,9","9,2","10,2","9,2",0,"-0,4","0,2","0,6","0,8","-0,1","-0,6","-0,9","2,2",1,"0,2","2,3",1,-1,"Vindeln,Nordmaling,Lycksele,Örnsköldsvik,Åsele,Vännäs",Västerbottens län
Bjuv,"6,9","4,7","4,6","5,2","6,1","6,5","6,3","5,1","4,4",7,"9,3","9,2","9,1","9,1","8,2","-2,2","-0,1","0,6","0,9","0,4","-0,2","-1,2","-0,7","2,6","2,3","-0,1","-0,1",0,"-0,9","Helsingborg,Svalöv,Åstorp",Skåne län
Boden,"7,6","7,2","5,9","5,1","5,2","5,7","6,3","5,5","4,7","6,7","8,6",8,"8,2","8,6","7,8","-0,4","-1,3","-0,8","0,1","0,5","0,6","-0,8","-0,8",2,"1,9","-0,6","0,2","0,4","-0,8","Piteå,Luleå,Älvsbyn,Gällivare,Jokkmokk,Överkalix",Norrbottens län
Bollebygd,"3,3","3,3","2,3","2,9","3,8","5,3",5,"3,5","2,6","5,3","6,2","4,8","4,6","4,9","4,4",0,-1,"0,6","0,9","1,5","-0,3","-1,5","-0,9","2,7","0,9","-1,4","-0,2","0,3","-0,5","Borås,Mark,Härryda,Alingsås,Lerum,Vårgårda",Västra Götalands län
Bollnäs,"10,9","8,7","8,1","7,9","8,9","9,4","8,6","6,5","5,9","8,6","11,2","9,9","10,5","10,2","10,4","-2,2","-0,6","-0,2",1,"0,5","-0,8","-2,1","-0,6","2,7","2,6","-1,3","0,6","-0,3","0,2","Ockelbo,Ljusdal,Ovanåker,Falun,Hudiksvall,Söderhamn",Gävleborgs län
Borgholm,"7,6","6,2","5,1","5,5",6,"6,9",7,"4,9","3,7","4,6","5,4","5,2","5,9","6,4","5,5","-1,4","-1,1","0,4","0,5","0,9","0,1","-2,1","-1,2","0,9","0,8","-0,2","0,7","0,5","-0,9",Mörbylånga,Kalmar län
Borlänge,"8,6","6,9","7,2","7,3","6,9","7,7","7,4","5,1","4,4","6,2","7,7","6,6","6,9","7,4","7,2","-1,7","0,3","0,1","-0,4","0,8","-0,3","-2,3","-0,7","1,8","1,5","-1,1","0,3","0,5","-0,2","Ludvika,Leksand,Gagnef,Falun,Säter",Dalarnas län
Borås,"6,1","4,9","4,9","5,3","5,9","6,1","6,1","4,4","3,8","6,3","7,8","6,6","6,7","7,2","6,6","-1,2",0,"0,4","0,6","0,2",0,"-1,7","-0,6","2,5","1,5","-1,2","0,1","0,5","-0,6","Svenljunga,Mark,Bollebygd,Herrljunga,Vårgårda,Ulricehamn,Tranemo",Västra Götalands län
Botkyrka,"4,7","3,6","3,8","4,4","5,7","6,6","6,6","5,2","4,7","6,2","8,1","8,1","8,5","9,6","9,6","-1,1","0,2","0,6","1,3","0,9",0,"-1,4","-0,5","1,5","1,9",0,"0,4","1,1",0,"Södertälje,Nynäshamn,Salem,Ekerö,Huddinge,Haninge",Stockholms län
Boxholm,"7,3","5,1","4,9","4,8",5,"5,4","5,8","3,9","3,8","6,1","9,7","6,8","6,3","7,8","6,4","-2,2","-0,2","-0,1","0,2","0,4","0,4","-1,9","-0,1","2,3","3,6","-2,9","-0,5","1,5","-1,4","Mjölby,Linköping,Kinda,Ydre,Tranås,Ödeshög",Östergötlands län
Bromölla,"5,7","5,1","4,4","4,4","4,1","4,7","4,9","3,4","3,2","6,9","9,2","8,4","9,6","11,4",9,"-0,6","-0,7",0,"-0,3","0,6","0,2","-1,5","-0,2","3,7","2,3","-0,8","1,2","1,8","-2,4","Kristianstad,Olofström,Sölvesborg",Skåne län
Bräcke,"10,9","10,3",9,"8,8","7,9","9,1","8,9","5,8","5,3","9,8","13,4","12,4","11,2","10,7","8,4","-0,6","-1,3","-0,2","-0,9","1,2","-0,2","-3,1","-0,5","4,5","3,6",-1,"-1,2","-0,5","-2,3","Berg,Östersund,Ånge,Sundsvall,Ragunda",Jämtlands län
Burlöv,7,"5,6","5,7","6,2",6,"6,5","6,8","4,5","4,8","7,1","8,8","7,7","8,1","8,9",9,"-1,4","0,1","0,5","-0,2","0,5","0,3","-2,3","0,3","2,3","1,7","-1,1","0,4","0,8","0,1","Lomma,Staffanstorp,Malmö,Svedala",Skåne län
Båstad,"5,4",5,"4,3","4,3","4,6",5,"3,9","3,2","2,6",4,"5,4","5,4","5,1","5,9",6,"-0,4","-0,7",0,"0,3","0,4","-1,1","-0,7","-0,6","1,4","1,4",0,"-0,3","0,8","0,1","Laholm,Ängelholm",Skåne län
Dals-Ed,"10,5","9,3","6,6","5,3","8,1","7,5","8,1","5,6","4,7","7,3","9,2","7,7","7,7","7,8","6,8","-1,2","-2,7","-1,3","2,8","-0,6","0,6","-2,5","-0,9","2,6","1,9","-1,5",0,"0,1",-1,"Munkedal,Tanum,Bengtsfors,Färgelanda,Årjäng",Västra Götalands län
Danderyd,"1,5","1,2","1,4","2,2","2,2","2,6","2,5","1,9","1,1","1,6","2,5","1,9","2,4","2,1",2,"-0,3","0,2","0,8",0,"0,4","-0,1","-0,6","-0,8","0,5","0,9","-0,6","0,5","-0,3","-0,1","Sollentuna,Lidingö,Stockholm,Täby,Solna",Stockholms län
Degerfors,"7,3",7,"6,3","5,2",8,"8,2",8,"5,9","4,4","7,2","10,3","9,3","8,4","8,3","7,8","-0,3","-0,7","-1,1","2,8","0,2","-0,2","-2,1","-1,5","2,8","3,1",-1,"-0,9","-0,1","-0,5","Lekeberg,Storfors,Kristinehamn,Gullspång,Laxå,Karlskoga",Örebro län
Dorotea,"11,3","9,2","9,7","9,9","8,5","8,5","8,7","5,3","3,5",9,"8,6","7,3","8,5","9,3","7,6","-2,1","0,5","0,2","-1,4",0,"0,2","-3,4","-1,8","5,5","-0,4","-1,3","1,2","0,8","-1,7","Vilhelmina,Åsele,Strömsund,Sollefteå",Västerbottens län
Eda,"6,8",6,"4,4","4,9","4,9","5,4","5,5","3,1","3,1","5,5","9,2","7,1","6,4","6,1","5,7","-0,8","-1,6","0,5",0,"0,5","0,1","-2,4",0,"2,4","3,7","-2,1","-0,7","-0,3","-0,4","Arvika,Årjäng",Värmlands län
Ekerö,"1,6","1,7","1,9","1,9","2,6","2,7","2,4","1,6","1,2","1,8","2,7","2,6","2,8","2,8","2,7","0,1","0,2",0,"0,7","0,1","-0,3","-0,8","-0,4","0,6","0,9","-0,1","0,2",0,"-0,1","Botkyrka,Salem,Upplands-Bro,Stockholm",Stockholms län
Eksjö,"4,5",3,"3,2","3,8",4,"3,7","3,5","2,4","2,1","4,5","5,1","4,8","5,3","6,6","5,8","-1,5","0,2","0,6","0,2","-0,3","-0,2","-1,1","-0,3","2,4","0,6","-0,3","0,5","1,3","-0,8","Vetlanda,Hultsfred,Vimmerby,Ydre,Aneby,Nässjö",Jönköpings län
Emmaboda,"3,9",4,"2,9","2,3","4,1","4,6",5,"3,7","2,9","5,9","7,3","6,6","7,6",8,"7,5","0,1","-1,1","-0,6","1,8","0,5","0,4","-1,3","-0,8",3,"1,4","-0,7",1,"0,4","-0,5","Ronneby,Lessebo,Tingsryd,Karlskrona,Nybro,Kalmar,Torsås",Kalmar län
Enköping,"5,2",4,4,"4,1","4,6","5,4","5,3","3,6","3,1","4,4","6,2","5,2",5,"5,4","4,8","-1,2",0,"0,1","0,5","0,8","-0,1","-1,7","-0,5","1,3","1,8",-1,"-0,2","0,4","-0,6","Heby,Håbo,Uppsala,Sala,Västerås",Uppsala län
Eskilstuna,"9,1","8,2","7,7","7,3",8,"8,6","8,4","6,4","5,8",9,"12,3","10,7",11,"11,9","11,3","-0,9","-0,5","-0,4","0,7","0,6","-0,2",-2,"-0,6","3,2","3,3","-1,6","0,3","0,9","-0,6","Strängnäs,Kungsör,Flen,Katrineholm,Arboga",Södermanlands län
Eslöv,6,"4,9","4,7","4,6","4,5","5,3","4,6","3,4","3,2","4,8","6,4","5,9",6,"6,9","6,5","-1,1","-0,2","-0,1","-0,1","0,8","-0,7","-1,2","-0,2","1,6","1,6","-0,5","0,1","0,9","-0,4","Kävlinge,Lund,Höör,Hörby,Sjöbo,Svalöv,Klippan",Skåne län
Essunga,"5,4","4,4","3,6",4,"4,3",5,"4,7","2,8","2,5","5,2","7,3","5,7","6,8","6,3","5,1",-1,"-0,8","0,4","0,3","0,7","-0,3","-1,9","-0,3","2,7","2,1","-1,6","1,1","-0,5","-1,2","Alingsås,Trollhättan,Vara,Herrljunga,Vårgårda,Grästorp",Västra Götalands län
Fagersta,"8,5","6,5","5,7","5,7","6,6",6,"6,8","4,7","3,4","6,6","8,1","7,8","9,2","9,5","9,7",-2,"-0,8",0,"0,9","-0,6","0,8","-2,1","-1,3","3,2","1,5","-0,3","1,4","0,3","0,2","Smedjebacken,Norberg,Skinnskatteberg,Sala,Surahammar",Västmanlands län
Falkenberg,"6,3","5,7","5,4","5,7","5,3","6,4","6,3",4,"3,7","5,7","7,6","6,7","6,1","6,5","5,7","-0,6","-0,3","0,3","-0,4","1,1","-0,1","-2,3","-0,3",2,"1,9","-0,9","-0,6","0,4","-0,8","Svenljunga,Mark,Varberg,Hylte,Halmstad,Gislaved",Hallands län
Falköping,6,"4,9","5,8","5,3","5,2","5,3","5,6","3,9","3,5","5,8","8,2","7,7","7,5","7,4","7,2","-1,1","0,9","-0,5","-0,1","0,1","0,3","-1,7","-0,4","2,3","2,4","-0,5","-0,2","-0,1","-0,2","Skara,Vara,Herrljunga,Ulricehamn,Skövde,Tidaholm,Mullsjö",Västra Götalands län
Falun,"6,8","5,7","5,7",6,"6,1","7,5","6,4","4,7","3,9","5,9","7,6","6,5","6,2","6,4","5,8","-1,1",0,"0,3","0,1","1,4","-1,1","-1,7","-0,8",2,"1,7","-1,1","-0,3","0,2","-0,6","Rättvik,Leksand,Gagnef,Ockelbo,Hofors,Sandviken,Ovanåker,Borlänge,Säter,Hedemora,Bollnäs",Dalarnas län
Filipstad,"10,1","8,8","7,4",7,"9,7","10,6","8,2","6,6","6,2","9,2","12,4","10,3",10,"10,7","9,5","-1,3","-1,4","-0,4","2,7","0,9","-2,4","-1,6","-0,4",3,"3,2","-2,1","-0,3","0,7","-1,2","Karlstad,Storfors,Ludvika,Hällefors,Malung-Sälen,Vansbro,Hagfors",Värmlands län
Finspång,"5,4","4,8","4,7","4,1","5,1","5,7","5,4","4,7","4,1","5,6","7,1","6,9","7,4","8,7","9,1","-0,6","-0,1","-0,6",1,"0,6","-0,3","-0,7","-0,6","1,5","1,5","-0,2","0,5","1,3","0,4","Norrköping,Vingåker,Motala,Linköping,Katrineholm,Örebro,Hallsberg",Östergötlands län
Flen,"8,8","7,7","6,7","6,8","6,7","8,2","7,7","5,6","4,4","7,1","10,2","9,3","9,9","10,4","10,4","-1,1",-1,"0,1","-0,1","1,5","-0,5","-2,1","-1,2","2,7","3,1","-0,9","0,6","0,5",0,"Strängnäs,Eskilstuna,Katrineholm,Gnesta,Nyköping",Södermanlands län
Forshaga,"8,6","7,1","7,5","6,3","6,7","6,8","5,7","4,1","4,8","7,5","9,7","8,8","9,1","9,1","8,2","-1,5","0,4","-1,2","0,4","0,1","-1,1","-1,6","0,7","2,7","2,2","-0,9","0,3",0,"-0,9","Sunne,Munkfors,Kil,Karlstad,Hagfors",Värmlands län
Färgelanda,"5,6","4,7","4,1","5,9","6,3","7,3","7,4","4,8","4,3","7,7","10,2","8,3","8,8","8,5",7,"-0,9","-0,6","1,8","0,4",1,"0,1","-2,6","-0,5","3,4","2,5","-1,9","0,5","-0,3","-1,5","Munkedal,Uddevalla,Bengtsfors,Dals-Ed,Mellerud,Vänersborg",Västra Götalands län
Gagnef,"7,7","6,6","6,4",7,6,"6,1","4,4","2,9","2,5","5,4","6,9","5,9","4,9","5,2","4,7","-1,1","-0,2","0,6",-1,"0,1","-1,7","-1,5","-0,4","2,9","1,5",-1,-1,"0,3","-0,5","Ludvika,Leksand,Vansbro,Falun,Borlänge",Dalarnas län
Gislaved,3,"2,4","3,1",4,5,"4,6","4,3","2,9","2,4","6,6",9,"7,3","7,4","7,8","7,2","-0,6","0,7","0,9",1,"-0,4","-0,3","-1,4","-0,5","4,2","2,4","-1,7","0,1","0,4","-0,6","Svenljunga,Falkenberg,Hylte,Ljungby,Tranemo,Vaggeryd,Värnamo,Gnosjö,Jönköping",Jönköpings län
Gnesta,"4,7","3,8","3,4","3,6","4,3","5,7","5,2","2,9","2,1","4,1",6,"5,6","5,5","6,4","5,4","-0,9","-0,4","0,2","0,7","1,4","-0,5","-2,3","-0,8",2,"1,9","-0,4","-0,1","0,9",-1,"Strängnäs,Trosa,Södertälje,Nykvarn,Flen,Nyköping",Södermanlands län
Gnosjö,"1,7","1,5","2,3","2,4","3,3","3,7","3,3","1,7","1,3",7,"8,1","7,1","6,5","6,5","6,2","-0,2","0,8","0,1","0,9","0,4","-0,4","-1,6","-0,4","5,7","1,1",-1,"-0,6",0,"-0,3","Vaggeryd,Värnamo,Gislaved",Jönköpings län
Gotland,"7,5","5,8","6,2","6,7","7,2","8,3",8,"5,9","4,7","6,5","7,2","7,6","7,9","8,4","7,9","-1,7","0,4","0,5","0,5","1,1","-0,3","-2,1","-1,2","1,8","0,7","0,4","0,3","0,5","-0,5",,Gotlands län
Grums,"9,3","8,3","6,4","5,2","6,1","6,7","5,6",5,"5,2","8,4","10,6","8,4","9,4","10,5","8,7",-1,"-1,9","-1,2","0,9","0,6","-1,1","-0,6","0,2","3,2","2,2","-2,2",1,"1,1","-1,8","Säffle,Arvika,Kil,Karlstad",Värmlands län
Grästorp,"4,2",4,"3,8","3,6","3,8","4,3","4,7","3,6",3,6,"8,5","6,6","9,1","7,4","6,9","-0,2","-0,2","-0,2","0,2","0,5","0,4","-1,1","-0,6",3,"2,5","-1,9","2,5","-1,7","-0,5","Vänersborg,Trollhättan,Vara,Essunga,Lidköping",Västra Götalands län
Gullspång,"8,1","6,4","5,6","5,6","6,9","7,8","6,7","5,1","4,8","7,3","10,4","9,8","10,4",11,"9,9","-1,7","-0,8",0,"1,3","0,9","-1,1","-1,6","-0,3","2,5","3,1","-0,6","0,6","0,6","-1,1","Mariestad,Töreboda,Kristinehamn,Laxå,Degerfors",Västra Götalands län
Gällivare,"11,5","8,9","9,3","8,9","8,8","8,4","8,4","6,9","5,4","7,4","7,2","6,1","7,3","6,7","6,8","-2,6","0,4","-0,4","-0,1","-0,4",0,"-1,5","-1,5",2,"-0,2","-1,1","1,2","-0,6","0,1","Kiruna,Boden,Jokkmokk,Överkalix,Pajala",Norrbottens län
Gävle,"9,3",8,8,"8,6","9,8","9,8","9,2","7,2","5,9","8,6","10,9","10,7","11,4","10,9","10,2","-1,3",0,"0,6","1,2",0,"-0,6",-2,"-1,3","2,7","2,3","-0,2","0,7","-0,5","-0,7","Heby,Älvkarleby,Tierp,Ockelbo,Sandviken,Söderhamn",Gävleborgs län
Göteborg,7,"6,3","5,8",6,"6,5","6,4","6,6","4,8","3,9","6,1",8,"6,8","6,8","7,1","6,7","-0,7","-0,5","0,2","0,5","-0,1","0,2","-1,8","-0,9","2,2","1,9","-1,2",0,"0,3","-0,4","Kungälv,Mölndal,Partille,Öckerö,Härryda,Kungsbacka,Lerum,Ale",Västra Götalands län
Götene,5,"4,7","4,2","3,7","4,2","4,8","4,7","3,5",3,"5,5","7,8","6,2",6,"6,2","5,3","-0,3","-0,5","-0,5","0,5","0,6","-0,1","-1,2","-0,5","2,5","2,3","-1,6","-0,2","0,2","-0,9","Skara,Mariestad,Lidköping,Skövde",Västra Götalands län
Habo,"3,8",3,"3,3","2,6","3,2","4,1","3,7","2,6","1,9","4,1","5,1","4,3","3,9","4,3","3,7","-0,8","0,3","-0,7","0,6","0,9","-0,4","-1,1","-0,7","2,2",1,"-0,8","-0,4","0,4","-0,6","Hjo,Tidaholm,Mullsjö,Jönköping",Jönköpings län
Hagfors,"13,6","12,3","9,7","7,8",8,"7,9","7,7","5,1","4,8",9,"10,7","8,7","9,1","8,6","9,2","-1,3","-2,6","-1,9","0,2","-0,1","-0,2","-2,6","-0,3","4,2","1,7",-2,"0,4","-0,5","0,6","Sunne,Forshaga,Munkfors,Torsby,Karlstad,Malung-Sälen,Filipstad",Värmlands län
Hallsberg,"6,2","6,2","6,3","5,3","5,5","6,9","6,9","5,4","4,9","7,4","9,7","7,7","8,2",9,"7,8",0,"0,1",-1,"0,2","1,4",0,"-1,5","-0,5","2,5","2,3",-2,"0,5","0,8","-1,2","Finspång,Motala,Lekeberg,Laxå,Kumla,Örebro,Askersund",Örebro län
Hallstahammar,"6,9","5,9","6,5","5,5","4,9",6,"6,2","4,4",4,7,"10,2","7,8","8,8","9,7","8,5",-1,"0,6",-1,"-0,6","1,1","0,2","-1,8","-0,4",3,"3,2","-2,4",1,"0,9","-1,2","Köping,Surahammar,Västerås",Västmanlands län
Halmstad,"7,4","6,5","6,5","6,2",6,"6,9","6,5","4,3","3,8","5,8","7,3","6,9",7,"7,4","7,2","-0,9",0,"-0,3","-0,2","0,9","-0,4","-2,2","-0,5",2,"1,5","-0,4","0,1","0,4","-0,2","Laholm,Falkenberg,Hylte,Ljungby",Hallands län
Hammarö,"5,2","4,9","4,6","5,6","6,1","6,4","6,2","4,1","4,4","5,9","7,4","6,1","6,1","6,2","5,5","-0,3","-0,3",1,"0,5","0,3","-0,2","-2,1","0,3","1,5","1,5","-1,3",0,"0,1","-0,7",Karlstad,Värmlands län
Haninge,"3,7","2,8","2,9","3,2",4,"4,9","4,7","3,6","3,3",4,"5,5","5,3","5,4",6,"5,7","-0,9","0,1","0,3","0,8","0,9","-0,2","-1,1","-0,3","0,7","1,5","-0,2","0,1","0,6","-0,3","Nynäshamn,Botkyrka,Tyresö,Huddinge",Stockholms län
Haparanda,"15,8","16,2","14,3","14,9","14,5","14,9","13,6","10,4",10,15,"17,2","14,9","12,1","12,1","11,5","0,4","-1,9","0,6","-0,4","0,4","-1,3","-3,2","-0,4",5,"2,2","-2,3","-2,8",0,"-0,6","Övertorneå,Kalix",Norrbottens län
Heby,"5,1","3,4",3,"3,2","4,7","4,6","4,2","3,4","2,4","5,2",7,"6,4","5,8","6,9","6,1","-1,7","-0,4","0,2","1,5","-0,1","-0,4","-0,8",-1,"2,8","1,8","-0,6","-0,6","1,1","-0,8","Tierp,Uppsala,Enköping,Sala,Gävle,Sandviken,Avesta",Uppsala län
Hedemora,"7,6","6,7","6,5",6,"5,6",7,"6,8","4,2",3,"4,9","6,8","6,2","6,1","7,1","6,5","-0,9","-0,2","-0,5","-0,4","1,4","-0,2","-2,6","-1,2","1,9","1,9","-0,6","-0,1",1,"-0,6","Smedjebacken,Norberg,Hofors,Avesta,Falun,Säter",Dalarnas län
Helsingborg,"9,4","8,3","7,5","7,4","7,1",7,"6,6","5,1","4,9","6,7","8,7","8,6","8,9","8,6","8,5","-1,1","-0,8","-0,1","-0,3","-0,1","-0,4","-1,5","-0,2","1,8",2,"-0,1","0,3","-0,3","-0,1","Bjuv,Svalöv,Landskrona,Åstorp,Ängelholm,Höganäs",Skåne län
Herrljunga,"4,2","3,2",3,"3,1","4,3","4,1","4,8","3,2",3,"5,9",7,"5,8","5,8","6,6","5,3",-1,"-0,2","0,1","1,2","-0,2","0,7","-1,6","-0,2","2,9","1,1","-1,2",0,"0,8","-1,3","Borås,Vara,Vårgårda,Essunga,Ulricehamn,Falköping",Västra Götalands län
Hjo,"6,1","4,7",6,"4,7","5,6","6,4","6,1",4,3,"6,1","7,8","6,4","6,4","6,6","5,8","-1,4","1,3","-1,3","0,9","0,8","-0,3","-2,1",-1,"3,1","1,7","-1,4",0,"0,2","-0,8","Karlsborg,Tibro,Skövde,Tidaholm,Habo",Västra Götalands län
Hofors,"6,8","6,6","5,4",5,"6,1","7,4","6,3","4,6","4,2","7,8","10,1","9,3",8,"10,1","8,1","-0,2","-1,2","-0,4","1,1","1,3","-1,1","-1,7","-0,4","3,6","2,3","-0,8","-1,3","2,1",-2,"Sandviken,Avesta,Falun,Säter,Hedemora",Gävleborgs län
Huddinge,"3,2","2,6","2,6","3,1","3,8","3,7","4,2","3,5","3,1","4,4","5,9","5,8","5,6","5,9","5,4","-0,6",0,"0,5","0,7","-0,1","0,5","-0,7","-0,4","1,3","1,5","-0,1","-0,2","0,3","-0,5","Botkyrka,Nacka,Stockholm,Tyresö,Haninge",Stockholms län
Hudiksvall,"9,8","8,5","9,3","9,3",9,"9,5","8,9","6,3","5,6","7,7","9,3","8,2","8,2","8,7","7,9","-1,3","0,8",0,"-0,3","0,5","-0,6","-2,6","-0,7","2,1","1,6","-1,1",0,"0,5","-0,8","Ånge,Ljusdal,Nordanstig,Söderhamn,Bollnäs",Gävleborgs län
Hultsfred,8,"5,6","4,9",6,"5,7","5,8","6,9","4,7","4,1","8,3","9,4","7,3","8,2",9,"8,4","-2,4","-0,7","1,1","-0,3","0,1","1,1","-2,2","-0,6","4,2","1,1","-2,1","0,9","0,8","-0,6","Uppvidinge,Eksjö,Vetlanda,Oskarshamn,Högsby,Vimmerby",Kalmar län
Hylte,"3,6",3,"3,4","2,9","2,9","4,5","4,6","2,5","2,6","4,6","6,2","5,3",6,"6,4","6,7","-0,6","0,4","-0,5",0,"1,6","0,1","-2,1","0,1",2,"1,6","-0,9","0,7","0,4","0,3","Falkenberg,Halmstad,Ljungby,Gislaved",Hallands län
Håbo,"3,1","2,3","2,3","2,9","4,2","4,5","3,7","2,7","2,2","2,7",4,"3,4","3,3",4,"3,9","-0,8",0,"0,6","1,3","0,3","-0,8",-1,"-0,5","0,5","1,3","-0,6","-0,1","0,7","-0,1","Upplands-Bro,Knivsta,Sigtuna,Uppsala,Enköping",Uppsala län
Hällefors,14,"12,5","10,4","8,6","7,7","8,7","7,5","6,8",7,"8,9","11,5","9,7",11,11,"9,1","-1,5","-2,1","-1,8","-0,9",1,"-1,2","-0,7","0,2","1,9","2,6","-1,8","1,3",0,"-1,9","Storfors,Ludvika,Karlskoga,Nora,Filipstad,Lindesberg,Ljusnarsberg",Örebro län
Härjedalen,"10,3","7,9",7,"7,5","7,4","7,8","8,6","4,7","3,6","5,5","7,2","6,3","6,5",8,"6,4","-2,4","-0,9","0,5","-0,1","0,4","0,8","-3,9","-1,1","1,9","1,7","-0,9","0,2","1,5","-1,6","Orsa,Berg,Älvdalen,Mora,Ånge,Ljusdal",Jämtlands län
Härnösand,"9,7","7,8",7,"6,8",8,8,8,"5,7","5,9","7,9","9,7",9,"9,1","8,9","8,9","-1,9","-0,8","-0,2","1,2",0,0,"-2,3","0,2",2,"1,8","-0,7","0,1","-0,2",0,"Timrå,Sundsvall,Kramfors,Sollefteå",Västernorrlands län
Härryda,"3,4","3,2",3,3,"3,5","3,9","3,9","2,7","2,3","3,3","5,1","3,7","3,8","3,8","3,7","-0,2","-0,2",0,"0,5","0,4",0,"-1,2","-0,4",1,"1,8","-1,4","0,1",0,"-0,1","Mölndal,Göteborg,Partille,Mark,Bollebygd,Kungsbacka,Lerum",Västra Götalands län
Hässleholm,"6,3","5,1","5,2","5,1","5,9","6,5","6,4",5,"4,3","7,1","9,1","8,3","9,1","9,6","8,9","-1,2","0,1","-0,1","0,8","0,6","-0,1","-1,4","-0,7","2,8",2,"-0,8","0,8","0,5","-0,7","Kristianstad,Höör,Hörby,Perstorp,Örkelljunga,Klippan,Östra Göinge,Osby,Älmhult,Markaryd",Skåne län
Höganäs,"5,4","4,7","4,8",5,"4,9","5,1",5,"3,9","3,1","4,6","6,5","6,2",6,"5,5","5,5","-0,7","0,1","0,2","-0,1","0,2","-0,1","-1,1","-0,8","1,5","1,9","-0,3","-0,2","-0,5",0,Helsingborg,Skåne län
Högsby,"7,5","6,8","6,2","5,5","5,9","6,1","6,2","3,3","2,6","5,1",8,"6,1","7,1","7,9","8,1","-0,7","-0,6","-0,7","0,4","0,2","0,1","-2,9","-0,7","2,5","2,9","-1,9",1,"0,8","0,2","Uppvidinge,Vetlanda,Oskarshamn,Nybro,Mönsterås,Hultsfred",Kalmar län
Hörby,"6,1",4,"4,2","4,1",5,"5,6","5,1","3,8","3,6","4,5","6,5","5,5","5,9","5,9","5,9","-2,1","0,2","-0,1","0,9","0,6","-0,5","-1,3","-0,2","0,9",2,-1,"0,4",0,0,"Eslöv,Hässleholm,Kristianstad,Tomelilla,Höör,Sjöbo",Skåne län
Höör,"5,8","4,6","4,6","4,9","4,9","5,1","5,1","3,9","2,7","4,8","5,7","5,6",6,"5,4","5,1","-1,2",0,"0,3",0,"0,2",0,"-1,2","-1,2","2,1","0,9","-0,1","0,4","-0,6","-0,3","Eslöv,Hässleholm,Hörby,Klippan",Skåne län
Jokkmokk,"13,5","12,2","10,8","9,3","10,3","9,7","10,1","6,7","4,7","7,1","10,1","9,6","9,6","8,2","6,7","-1,3","-1,4","-1,5",1,"-0,6","0,4","-3,4",-2,"2,4",3,"-0,5",0,"-1,4","-1,5","Arvidsjaur,Boden,Älvsbyn,Gällivare,Arjeplog",Norrbottens län
Järfälla,"2,9","2,2","2,4","3,2","3,9","4,4","4,3","3,3","2,9","3,6","5,6","5,3","5,7","6,9",7,"-0,7","0,2","0,8","0,7","0,5","-0,1",-1,"-0,4","0,7",2,"-0,3","0,4","1,2","0,1","Upplands Väsby,Upplands-Bro,Sollentuna,Stockholm",Stockholms län
Jönköping,5,"4,1","4,2","3,9","4,5","5,2",5,"3,9","3,2","5,3",6,"5,1",5,6,"5,4","-0,9","0,1","-0,3","0,6","0,7","-0,2","-1,1","-0,7","2,1","0,7","-0,9","-0,1",1,"-0,6","Tranås,Ödeshög,Aneby,Ulricehamn,Tranemo,Nässjö,Vaggeryd,Gislaved,Mullsjö,Habo",Jönköpings län
Kalix,"11,7","11,5","11,4","11,4","12,6","12,6","12,7","9,3","7,8","12,1","13,6","11,5",11,"10,8","8,7","-0,2","-0,1",0,"1,2",0,"0,1","-3,4","-1,5","4,3","1,5","-2,1","-0,5","-0,2","-2,1","Luleå,Haparanda,Övertorneå,Överkalix",Norrbottens län
Kalmar,"7,6","6,2","5,9","6,2","6,7","7,1",7,"5,1",4,"5,7",7,"6,2",7,"7,3","6,5","-1,4","-0,3","0,3","0,5","0,4","-0,1","-1,9","-1,1","1,7","1,3","-0,8","0,8","0,3","-0,8","Emmaboda,Nybro,Mönsterås,Torsås",Kalmar län
Karlsborg,"7,9","6,6","6,2","5,6","5,7",7,"6,5","3,7","3,3","4,7","6,7","5,9","5,9","4,8","6,5","-1,3","-0,4","-0,6","0,1","1,3","-0,5","-2,8","-0,4","1,4",2,"-0,8",0,"-1,1","1,7","Töreboda,Tibro,Hjo,Laxå,Askersund",Västra Götalands län
Karlshamn,"7,3","6,2","5,9","5,7","6,7","6,8","6,8","4,7","4,2",7,"9,1","8,5",9,"9,4","8,4","-1,1","-0,3","-0,2",1,"0,1",0,"-2,1","-0,5","2,8","2,1","-0,6","0,5","0,4",-1,"Olofström,Sölvesborg,Ronneby,Tingsryd",Blekinge län
Karlskoga,"9,5","8,8","8,1","7,6","8,6",8,"7,8","5,3","4,8","7,6","9,8","8,6","7,6","8,7","8,2","-0,7","-0,7","-0,5",1,"-0,6","-0,2","-2,5","-0,5","2,8","2,2","-1,2",-1,"1,1","-0,5","Lekeberg,Storfors,Kristinehamn,Degerfors,Nora,Hällefors,Örebro",Örebro län
Karlskrona,"6,8",6,"6,7","6,9","7,1","7,6","6,7","4,7","4,5","6,7","8,2",8,"8,1","8,9","8,3","-0,8","0,7","0,2","0,2","0,5","-0,9",-2,"-0,2","2,2","1,5","-0,2","0,1","0,8","-0,6","Ronneby,Emmaboda,Torsås",Blekinge län
Karlstad,"7,6","6,9","6,6","6,9","6,9","7,1","6,2","5,1","4,7","6,5","8,1","7,3","7,4","7,6","7,1","-0,7","-0,3","0,3",0,"0,2","-0,9","-1,1","-0,4","1,8","1,6","-0,8","0,1","0,2","-0,5","Forshaga,Kil,Storfors,Grums,Kristinehamn,Hammarö,Hagfors,Filipstad",Värmlands län
Katrineholm,"6,2","6,1",7,"7,3","7,6","8,8","8,6","6,3","5,8",8,"10,7","9,3",10,"10,6","9,6","-0,1","0,9","0,3","0,3","1,2","-0,2","-2,3","-0,5","2,2","2,7","-1,4","0,7","0,6",-1,"Norrköping,Vingåker,Finspång,Eskilstuna,Flen,Nyköping",Södermanlands län
Kil,"8,2","7,9","7,9","6,5","7,1","7,2","6,4","4,4","4,8","7,6","9,1","8,7","6,8","8,2","7,3","-0,3",0,"-1,4","0,6","0,1","-0,8",-2,"0,4","2,8","1,5","-0,4","-1,9","1,4","-0,9","Arvika,Sunne,Forshaga,Karlstad,Grums",Värmlands län
Kinda,"6,5","4,8","4,3","4,3","4,8","4,3","4,2","4,2","3,3","5,2","6,9","5,7","6,1","7,1","7,1","-1,7","-0,5",0,"0,5","-0,5","-0,1",0,"-0,9","1,9","1,7","-1,2","0,4",1,0,"Vimmerby,Västervik,Åtvidaberg,Linköping,Boxholm,Ydre",Östergötlands län
Kiruna,"11,8","10,7","9,6","9,1","9,5","9,4","7,8","5,6","4,1","6,2","6,1","4,6","4,1",4,"3,5","-1,1","-1,1","-0,5","0,4","-0,1","-1,6","-2,2","-1,5","2,1","-0,1","-1,5","-0,5","-0,1","-0,5","Gällivare,Pajala",Norrbottens län
Klippan,"6,9","5,2","4,7","4,6","5,4","5,8","6,4","4,9","3,8","6,7","7,8","7,5","7,7",8,"7,3","-1,7","-0,5","-0,1","0,8","0,4","0,6","-1,5","-1,1","2,9","1,1","-0,3","0,2","0,3","-0,7","Eslöv,Hässleholm,Höör,Svalöv,Perstorp,Örkelljunga,Åstorp,Ängelholm",Skåne län
Knivsta,,,,"2,7","3,4","3,6","3,4","2,3","1,8","2,7","3,5","3,2","3,2","3,5","2,9",0,0,"2,7","0,7","0,2","-0,2","-1,1","-0,5","0,9","0,8","-0,3",0,"0,3","-0,6","Sigtuna,Håbo,Uppsala,Norrtälje",Uppsala län
Kramfors,"11,5","8,8",8,"9,2","8,5","9,5","9,1","7,2","6,8","9,5","11,7","10,2",10,"9,5",10,"-2,7","-0,8","1,2","-0,7",1,"-0,4","-1,9","-0,4","2,7","2,2","-1,5","-0,2","-0,5","0,5","Härnösand,Örnsköldsvik,Sollefteå",Västernorrlands län
Kristianstad,"5,4","5,1","5,4",5,"5,9","6,7","6,7","4,8","4,3","6,9","8,4","7,5","8,6","9,9","8,9","-0,3","0,3","-0,4","0,9","0,8",0,"-1,9","-0,5","2,6","1,5","-0,9","1,1","1,3",-1,"Hässleholm,Simrishamn,Tomelilla,Hörby,Olofström,Bromölla,Östra Göinge,Osby",Skåne län
Kristinehamn,"9,5","7,9","6,9","7,4","7,2","7,5",7,"6,1","5,2",8,"10,4","8,7","9,3","10,3","9,7","-1,6",-1,"0,5","-0,2","0,3","-0,5","-0,9","-0,9","2,8","2,4","-1,7","0,6",1,"-0,6","Karlstad,Storfors,Gullspång,Laxå,Degerfors,Karlskoga",Värmlands län
Krokom,8,"6,3","6,3",7,"6,3","6,3","6,4","3,8","4,4","5,8","8,3","6,7","5,4","5,5","5,8","-1,7",0,"0,7","-0,7",0,"0,1","-2,6","0,6","1,4","2,5","-1,6","-1,3","0,1","0,3","Åre,Östersund,Strömsund",Jämtlands län
Kumla,"4,5","5,2","4,5","5,1","6,4","7,4",7,"4,9","4,4","6,8","8,8","6,6","6,5","7,2","6,1","0,7","-0,7","0,6","1,3",1,"-0,4","-2,1","-0,5","2,4",2,"-2,2","-0,1","0,7","-1,1","Lekeberg,Örebro,Hallsberg",Örebro län
Kungsbacka,"3,6","2,9","2,9",3,"3,4","3,8","3,9","2,9","2,1","3,3",5,"4,1","3,8","3,7","3,4","-0,7",0,"0,1","0,4","0,4","0,1",-1,"-0,8","1,2","1,7","-0,9","-0,3","-0,1","-0,3","Mölndal,Göteborg,Mark,Varberg,Härryda",Hallands län
Kungsör,"8,2","6,4","6,4","7,4","6,7","6,4","5,6","3,5","3,1","5,2","9,2","7,1","7,4","8,8","8,7","-1,8",0,1,"-0,7","-0,3","-0,8","-2,1","-0,4","2,1",4,"-2,1","0,3","1,4","-0,1","Eskilstuna,Köping,Arboga",Västmanlands län
Kungälv,"3,2","2,8","2,7","2,6","2,8","2,9","3,1","2,2",2,"3,4","4,7","3,1","3,1","3,5","2,9","-0,4","-0,1","-0,1","0,2","0,1","0,2","-0,9","-0,2","1,4","1,3","-1,6",0,"0,4","-0,6","Stenungsund,Göteborg,Ale,Lilla Edet",Västra Götalands län
Kävlinge,"5,1",4,"3,9","4,4","4,1","4,8","4,2","3,2","2,5","3,9","4,7","4,2","4,6",5,"4,7","-1,1","-0,1","0,5","-0,3","0,7","-0,6",-1,"-0,7","1,4","0,8","-0,5","0,4","0,4","-0,3","Eslöv,Lomma,Lund,Svalöv,Landskrona",Skåne län
Köping,"7,6","6,2","5,2","5,1",5,"5,9","6,7","4,5","3,8","7,2","11,1","9,1",9,9,"8,6","-1,4",-1,"-0,1","-0,1","0,9","0,8","-2,2","-0,7","3,4","3,9",-2,"-0,1",0,"-0,4","Kungsör,Lindesberg,Skinnskatteberg,Arboga,Surahammar,Västerås,Hallstahammar",Västmanlands län
Laholm,"7,4","6,2",6,5,"4,8","5,5","5,6","3,9","3,4",6,"7,6","6,5","6,6","7,1","6,2","-1,2","-0,2",-1,"-0,2","0,7","0,1","-1,7","-0,5","2,6","1,6","-1,1","0,1","0,5","-0,9","Örkelljunga,Ängelholm,Båstad,Halmstad,Ljungby,Markaryd",Hallands län
Landskrona,"8,5","7,1","6,9","7,5","7,2","7,6",7,"5,5","5,1","8,3","11,3","11,6","11,3","11,7","11,8","-1,4","-0,2","0,6","-0,3","0,4","-0,6","-1,5","-0,4","3,2",3,"0,3","-0,3","0,4","0,1","Kävlinge,Helsingborg,Svalöv",Skåne län
Laxå,"7,3","6,5","6,2","6,7","7,9","9,2","8,6","6,2",4,"7,3","8,1","5,1","6,6","9,7","9,7","-0,8","-0,3","0,5","1,2","1,3","-0,6","-2,4","-2,2","3,3","0,8",-3,"1,5","3,1",0,"Lekeberg,Töreboda,Karlsborg,Kristinehamn,Gullspång,Degerfors,Hallsberg,Askersund",Örebro län
Lekeberg,"7,1","6,5","5,8","5,4","5,9","7,6",7,"5,1","3,8","5,2",7,"5,4","4,9","5,8","4,8","-0,6","-0,7","-0,4","0,5","1,7","-0,6","-1,9","-1,3","1,4","1,8","-1,6","-0,5","0,9",-1,"Laxå,Degerfors,Karlskoga,Kumla,Örebro,Hallsberg",Örebro län
Leksand,"6,1","4,5","4,4","4,3",5,6,"5,7","4,4","3,5","5,4","6,5",6,"5,3","5,5",5,"-1,6","-0,1","-0,1","0,7",1,"-0,3","-1,3","-0,9","1,9","1,1","-0,5","-0,7","0,2","-0,5","Rättvik,Mora,Vansbro,Gagnef,Falun,Borlänge",Dalarnas län
Lerum,"3,8","3,4","2,9","3,4","3,6","3,7","3,8","2,5","1,8","3,1","4,6","3,4","3,2","3,4",3,"-0,4","-0,5","0,5","0,2","0,1","0,1","-1,3","-0,7","1,3","1,5","-1,2","-0,2","0,2","-0,4","Göteborg,Partille,Bollebygd,Härryda,Alingsås,Ale",Västra Götalands län
Lessebo,"6,4","4,1","4,2",4,"4,6","5,6","6,1","4,1","4,7","7,7",11,"10,6","10,5","12,2","11,7","-2,3","0,1","-0,2","0,6",1,"0,5",-2,"0,6",3,"3,3","-0,4","-0,1","1,7","-0,5","Emmaboda,Uppvidinge,Tingsryd,Växjö,Nybro",Kronobergs län
Lidingö,"1,7","1,4","1,5","2,1","2,6","2,5","2,3","1,7","1,2","1,9","2,9",3,"2,7","3,3","3,3","-0,3","0,1","0,6","0,5","-0,1","-0,2","-0,6","-0,5","0,7",1,"0,1","-0,3","0,6",0,"Nacka,Stockholm,Vaxholm,Danderyd",Stockholms län
Lidköping,5,"4,3","4,4","4,6","5,1","5,6","5,7",4,"2,9","4,8","7,7","6,6","6,5","7,4","6,6","-0,7","0,1","0,2","0,5","0,5","0,1","-1,7","-1,1","1,9","2,9","-1,1","-0,1","0,9","-0,8","Götene,Skara,Vänersborg,Vara,Grästorp",Västra Götalands län
Lilla Edet,"6,8","6,4","5,1","5,2","5,6","5,9","6,1","4,5","4,3","6,3","8,3","6,2","7,1","7,1","7,3","-0,4","-1,3","0,1","0,4","0,3","0,2","-1,6","-0,2",2,2,"-2,1","0,9",0,"0,2","Stenungsund,Kungälv,Uddevalla,Vänersborg,Trollhättan,Ale",Västra Götalands län
Lindesberg,"8,5","6,6","6,9","5,6","6,7","6,8","6,6","4,9",5,"8,2","10,1",8,"8,9","9,8","8,4","-1,9","0,3","-1,3","1,1","0,1","-0,2","-1,7","0,1","3,2","1,9","-2,1","0,9","0,9","-1,4","Nora,Hällefors,Örebro,Ljusnarsberg,Smedjebacken,Skinnskatteberg,Köping,Arboga",Örebro län
Linköping,"5,3","4,7","4,6","4,9","5,7","6,1","5,7","4,7","4,2","5,5",7,"6,4","6,4","6,2","5,4","-0,6","-0,1","0,3","0,8","0,4","-0,4",-1,"-0,5","1,3","1,5","-0,6",0,"-0,2","-0,8","Söderköping,Åtvidaberg,Norrköping,Finspång,Motala,Mjölby,Boxholm,Kinda",Östergötlands län
Ljungby,"4,3",4,"3,7","3,3","3,4","3,3","3,7","2,5","2,2","4,8","7,6","6,3","6,4","6,8","5,6","-0,3","-0,3","-0,4","0,1","-0,1","0,4","-1,2","-0,3","2,6","2,8","-1,3","0,1","0,4","-1,2","Laholm,Hylte,Halmstad,Alvesta,Älmhult,Markaryd,Värnamo,Gislaved",Kronobergs län
Ljusdal,11,"9,6","8,3","8,7","8,5","9,5","9,6","6,7","5,9","8,8","11,9","9,8","9,4","10,3","9,2","-1,4","-1,3","0,4","-0,2",1,"0,1","-2,9","-0,8","2,9","3,1","-2,1","-0,4","0,9","-1,1","Orsa,Rättvik,Härjedalen,Ånge,Ovanåker,Nordanstig,Hudiksvall,Bollnäs",Gävleborgs län
Ljusnarsberg,"13,3","11,2","8,4","7,7","7,3",9,"7,5","5,9","4,7","7,4","9,9","8,1","8,4","8,8","10,1","-2,1","-2,8","-0,7","-0,4","1,7","-1,5","-1,6","-1,2","2,7","2,5","-1,8","0,3","0,4","1,3","Ludvika,Hällefors,Lindesberg,Smedjebacken",Örebro län
Lomma,"3,7","2,7","2,7","2,7","2,4","3,2","2,5","2,2","1,8","2,6","3,3",3,3,3,3,-1,0,0,"-0,3","0,8","-0,7","-0,3","-0,4","0,8","0,7","-0,3",0,0,0,"Kävlinge,Burlöv,Staffanstorp,Lund,Malmö",Skåne län
Ludvika,"9,4","7,8","7,4","6,8","7,2","7,1","6,7",5,"3,9","5,6",7,"6,9","6,6","7,2","6,6","-1,6","-0,4","-0,6","0,4","-0,1","-0,4","-1,7","-1,1","1,7","1,4","-0,1","-0,3","0,6","-0,6","Hällefors,Vansbro,Filipstad,Gagnef,Ljusnarsberg,Smedjebacken,Borlänge,Säter",Dalarnas län
Luleå,"8,7","7,8","7,9",8,8,"8,9","8,6","6,6","5,3","7,6","9,3","8,3","8,1","7,4","6,5","-0,9","0,1","0,1",0,"0,9","-0,3",-2,"-1,3","2,3","1,7",-1,"-0,2","-0,7","-0,9","Piteå,Boden,Älvsbyn,Kalix,Överkalix",Norrbottens län
Lund,"4,9","3,8","4,1","4,3","4,7","5,3","4,5","3,4","2,8","3,5","4,3",4,"4,1","4,1","4,1","-1,1","0,3","0,2","0,4","0,6","-0,8","-1,1","-0,6","0,7","0,8","-0,3","0,1",0,0,"Trelleborg,Eslöv,Kävlinge,Lomma,Staffanstorp,Svedala,Sjöbo,Skurup",Skåne län
Lycksele,"6,7","5,8","6,2","6,2",7,7,"7,2","5,1","5,1",7,"9,4","8,3","7,6","7,9","7,5","-0,9","0,4",0,"0,8",0,"0,2","-2,1",0,"1,9","2,4","-1,1","-0,7","0,3","-0,4","Vindeln,Norsjö,Bjurholm,Malå,Sorsele,Storuman,Vilhelmina,Åsele",Västerbottens län
Lysekil,"6,7","5,6","5,4","5,7","5,7","6,3","5,1","3,9","3,2","5,7","6,6","6,4","5,8","5,6","4,2","-1,1","-0,2","0,3",0,"0,6","-1,2","-1,2","-0,7","2,5","0,9","-0,2","-0,6","-0,2","-1,4","Munkedal,Sotenäs,Uddevalla,Orust",Västra Götalands län
Malmö,"10,3","8,3","8,1","7,9","7,8","8,1","7,4","5,8","4,8","6,4","8,8","8,8","9,3","10,1","10,5",-2,"-0,2","-0,2","-0,1","0,3","-0,7","-1,6",-1,"1,6","2,4",0,"0,5","0,8","0,4","Lomma,Burlöv,Staffanstorp,Svedala,Vellinge",Skåne län
Malung-Sälen,"7,5","6,1","5,9","5,7","4,8","5,7","5,1","3,6","3,3","5,5","5,9","5,4","4,9","4,9","4,2","-1,4","-0,2","-0,2","-0,9","0,9","-0,6","-1,5","-0,3","2,2","0,4","-0,5","-0,5",0,"-0,7","Torsby,Älvdalen,Mora,Vansbro,Hagfors,Filipstad",Dalarnas län
Malå,"7,8","7,1","6,3","5,7","5,3","6,5","6,4","3,2","4,8","7,2","7,7","7,3","6,3","6,3","6,5","-0,7","-0,8","-0,6","-0,4","1,2","-0,1","-3,2","1,6","2,4","0,5","-0,4",-1,0,"0,2","Arvidsjaur,Norsjö,Lycksele,Sorsele",Västerbottens län
Mariestad,"6,5","6,9","6,5","6,2","6,7","6,8","6,9","4,8","5,2","7,8","9,7","8,1","8,8",9,"8,5","0,4","-0,4","-0,3","0,5","0,1","0,1","-2,1","0,4","2,6","1,9","-1,6","0,7","0,2","-0,5","Götene,Töreboda,Skövde,Gullspång",Västra Götalands län
Mark,"4,6","3,8","3,9","3,7","4,8","4,9","4,7","3,6","2,9","4,5","6,2",5,"5,4","5,6","4,8","-0,8","0,1","-0,2","1,1","0,1","-0,2","-1,1","-0,7","1,6","1,7","-1,2","0,4","0,2","-0,8","Mölndal,Borås,Svenljunga,Falkenberg,Varberg,Bollebygd,Härryda,Kungsbacka",Västra Götalands län
Markaryd,"4,5","4,3","4,1","4,2","3,7","4,1","4,1","2,8","3,7","5,4","6,9","6,5","6,6","8,7","7,4","-0,2","-0,2","0,1","-0,5","0,4",0,"-1,3","0,9","1,7","1,5","-0,4","0,1","2,1","-1,3","Hässleholm,Laholm,Örkelljunga,Osby,Ljungby,Älmhult",Kronobergs län
Mellerud,"8,8","7,3","5,8","5,9","6,1","6,4",7,"6,2","4,2","6,2","10,5","9,4","9,5","8,7","8,1","-1,5","-1,5","0,1","0,2","0,3","0,6","-0,8",-2,2,"4,3","-1,1","0,1","-0,8","-0,6","Åmål,Bengtsfors,Färgelanda,Vänersborg",Västra Götalands län
Mjölby,5,"4,4","4,6","5,1","5,7","6,7",6,"4,4","4,7","6,6","9,3","7,8","7,8","7,2","6,7","-0,6","0,2","0,5","0,6",1,"-0,7","-1,6","0,3","1,9","2,7","-1,5",0,"-0,6","-0,5","Motala,Linköping,Boxholm,Vadstena,Ödeshög",Östergötlands län
Mora,"8,6","7,1","7,1","7,4","7,5","7,4","7,1","5,5","4,5","6,5","8,2","7,4","7,2","7,4","5,7","-1,5",0,"0,3","0,1","-0,1","-0,3","-1,6",-1,2,"1,7","-0,8","-0,2","0,2","-1,7","Orsa,Rättvik,Leksand,Härjedalen,Älvdalen,Malung-Sälen,Vansbro",Dalarnas län
Motala,6,"5,6","4,6","4,9","5,8","7,2","6,8","5,2","5,1","8,1","10,1","9,8",10,"9,8",9,"-0,4",-1,"0,3","0,9","1,4","-0,4","-1,6","-0,1",3,2,"-0,3","0,2","-0,2","-0,8","Finspång,Mjölby,Linköping,Vadstena,Hallsberg,Askersund",Östergötlands län
Mullsjö,"5,7","4,6","4,5","3,8","4,7",5,"4,9","3,6","2,3","6,1","6,7","4,7","5,5","5,6","4,4","-1,1","-0,1","-0,7","0,9","0,3","-0,1","-1,3","-1,3","3,8","0,6",-2,"0,8","0,1","-1,2","Ulricehamn,Falköping,Tidaholm,Habo,Jönköping",Jönköpings län
Munkedal,"5,8","5,4","5,1","4,3","4,4","4,9","4,9","3,4","3,1","6,1",8,"7,2","5,6","6,2","5,1","-0,4","-0,3","-0,8","0,1","0,5",0,"-1,5","-0,3",3,"1,9","-0,8","-1,6","0,6","-1,1","Tanum,Sotenäs,Uddevalla,Lysekil,Dals-Ed,Färgelanda",Västra Götalands län
Munkfors,"11,2","10,4","9,9","7,2","7,3","8,4","7,8","6,1","6,4","10,3","11,1","10,1","9,8","9,7","9,6","-0,8","-0,5","-2,7","0,1","1,1","-0,6","-1,7","0,3","3,9","0,8",-1,"-0,3","-0,1","-0,1","Sunne,Forshaga,Hagfors",Värmlands län
Mölndal,"4,4","3,4","3,3","3,4","4,1","4,4","4,4","3,4","3,1","4,3","5,7","4,9","4,8","4,4",4,-1,"-0,1","0,1","0,7","0,3",0,-1,"-0,3","1,2","1,4","-0,8","-0,1","-0,4","-0,4","Göteborg,Mark,Härryda,Kungsbacka",Västra Götalands län
Mönsterås,"6,5","5,1","5,5","4,7","5,4",7,"6,5","4,3","3,2","5,7","8,9","6,8","7,7","7,2","7,2","-1,4","0,4","-0,8","0,7","1,6","-0,5","-2,2","-1,1","2,5","3,2","-2,1","0,9","-0,5",0,"Oskarshamn,Nybro,Kalmar,Högsby",Kalmar län
Mörbylånga,"6,6","4,4","4,2","4,8",5,"6,1","5,7",4,3,"4,7","5,3",5,"5,4","5,3","4,1","-2,2","-0,2","0,6","0,2","1,1","-0,4","-1,7",-1,"1,7","0,6","-0,3","0,4","-0,1","-1,2",Borgholm,Kalmar län
Nacka,"2,3","1,9","2,3","2,6","3,1","3,6","3,4","2,7","2,4",3,"4,2","3,6","3,6","4,2","3,8","-0,4","0,4","0,3","0,5","0,5","-0,2","-0,7","-0,3","0,6","1,2","-0,6",0,"0,6","-0,4","Lidingö,Stockholm,Värmdö,Tyresö,Huddinge",Stockholms län
Nora,"8,1","7,2","6,6","6,2","7,3","7,2",7,"5,1","4,8","7,1","8,8","7,2","7,8","7,9","6,9","-0,9","-0,6","-0,4","1,1","-0,1","-0,2","-1,9","-0,3","2,3","1,7","-1,6","0,6","0,1",-1,"Karlskoga,Hällefors,Lindesberg,Örebro",Örebro län
Norberg,"8,3",6,"5,4","6,3","6,9",7,"6,9","5,4","3,8","6,3","8,1","6,5","7,1","7,7","8,3","-2,3","-0,6","0,9","0,6","0,1","-0,1","-1,5","-1,6","2,5","1,8","-1,6","0,6","0,6","0,6","Smedjebacken,Fagersta,Sala,Avesta,Hedemora",Västmanlands län
Nordanstig,11,"9,6","8,7","7,4","7,9","9,1","8,5","6,1","5,6","7,6","9,5","8,4","8,5","9,1","7,2","-1,4","-0,9","-1,3","0,5","1,2","-0,6","-2,4","-0,5",2,"1,9","-1,1","0,1","0,6","-1,9","Ånge,Ljusdal,Hudiksvall,Sundsvall",Gävleborgs län
Nordmaling,5,"4,3","4,2","4,4",6,"6,1","6,8","5,8","4,1","7,7","9,3","7,6","8,3","8,9","8,5","-0,7","-0,1","0,2","1,6","0,1","0,7",-1,"-1,7","3,6","1,6","-1,7","0,7","0,6","-0,4","Bjurholm,Örnsköldsvik,Umeå,Vännäs",Västerbottens län
Norrköping,"7,8","6,3","6,6","7,6","7,8","8,6","8,8","7,1","6,4","8,1","9,5","9,4","9,9","10,3","10,2","-1,5","0,3",1,"0,2","0,8","0,2","-1,7","-0,7","1,7","1,4","-0,1","0,5","0,4","-0,1","Söderköping,Finspång,Linköping,Katrineholm,Nyköping",Östergötlands län
Norrtälje,"3,3","2,5","2,4","2,8","3,5","4,1","3,9","2,5","2,2",3,"4,7",4,"4,2","4,6","4,1","-0,8","-0,1","0,4","0,7","0,6","-0,2","-1,4","-0,3","0,8","1,7","-0,7","0,2","0,4","-0,5","Östhammar,Vallentuna,Knivsta,Sigtuna,Uppsala,Österåker",Stockholms län
Norsjö,9,"7,9","6,2","4,9","5,9","7,4","7,5","4,7","5,2",10,"11,8","10,4","7,7","8,3","8,2","-1,1","-1,7","-1,3",1,"1,5","0,1","-2,8","0,5","4,8","1,8","-1,4","-2,7","0,6","-0,1","Arvidsjaur,Vindeln,Malå,Lycksele,Skellefteå",Västerbottens län
Nybro,"5,9","4,4","3,9","3,6","5,1","5,2","5,1","3,6","2,8","6,2","8,1","6,9","7,4","7,8","6,7","-1,5","-0,5","-0,3","1,5","0,1","-0,1","-1,5","-0,8","3,4","1,9","-1,2","0,5","0,4","-1,1","Emmaboda,Lessebo,Uppvidinge,Kalmar,Mönsterås,Högsby",Kalmar län
Nykvarn,"2,3","1,7","1,3","2,1","2,5","3,2","2,8","1,9","1,5","2,6",4,"3,7","3,1",4,"3,4","-0,6","-0,4","0,8","0,4","0,7","-0,4","-0,9","-0,4","1,1","1,4","-0,3","-0,6","0,9","-0,6","Strängnäs,Södertälje,Gnesta",Stockholms län
Nyköping,"6,3","5,4","5,6","5,5","5,4","6,1","5,7","4,1","3,9","6,5",8,7,"7,1","7,1","6,7","-0,9","0,2","-0,1","-0,1","0,7","-0,4","-1,6","-0,2","2,6","1,5",-1,"0,1",0,"-0,4","Trosa,Norrköping,Flen,Katrineholm,Gnesta,Oxelösund",Södermanlands län
Nynäshamn,"2,3","1,7","2,2","2,7","3,2","4,3","4,5","3,5","2,7","4,2","5,5","5,2","5,6","6,1","5,5","-0,6","0,5","0,5","0,5","1,1","0,2",-1,"-0,8","1,5","1,3","-0,3","0,4","0,5","-0,6","Botkyrka,Haninge",Stockholms län
Nässjö,"4,1","2,9","3,4","3,8","4,5","5,4","4,7","3,5","2,9","6,2","7,7","6,3","7,2","8,6","7,8","-1,2","0,5","0,4","0,7","0,9","-0,7","-1,2","-0,6","3,3","1,5","-1,4","0,9","1,4","-0,8","Eksjö,Vetlanda,Aneby,Sävsjö,Vaggeryd,Jönköping",Jönköpings län
Ockelbo,"11,1","9,4","8,6","8,7","7,6","9,2","6,1","4,1","4,1","7,6","9,3",9,9,9,"9,1","-1,7","-0,8","0,1","-1,1","1,6","-3,1",-2,0,"3,5","1,7","-0,3",0,0,"0,1","Gävle,Sandviken,Falun,Söderhamn,Bollnäs",Gävleborgs län
Olofström,"6,5","7,1",6,"5,4","5,5","6,1","6,8","4,5","3,9","9,2","13,1","10,2","10,8","12,3","10,6","0,6","-1,1","-0,6","0,1","0,6","0,7","-2,3","-0,6","5,3","3,9","-2,9","0,6","1,5","-1,7","Kristianstad,Bromölla,Östra Göinge,Osby,Sölvesborg,Karlshamn,Tingsryd,Älmhult",Blekinge län
Orsa,"10,8","9,4","7,4","7,9","8,4","9,3","9,3","6,8",5,"8,1",9,"9,1","8,9","8,9","6,9","-1,4",-2,"0,5","0,5","0,9",0,"-2,5","-1,8","3,1","0,9","0,1","-0,2",0,-2,"Rättvik,Härjedalen,Mora,Ljusdal",Dalarnas län
Orust,"4,7",4,"3,5","3,6","3,6","3,8","3,7","2,9","2,3",4,"5,3","4,1","4,5",4,"3,9","-0,7","-0,5","0,1",0,"0,2","-0,1","-0,8","-0,6","1,7","1,3","-1,2","0,4","-0,5","-0,1","Stenungsund,Uddevalla,Tjörn,Lysekil",Västra Götalands län
Osby,"4,5",5,"4,2","4,9","5,6",6,"4,9","2,9","2,9","6,4","8,2","7,6",8,"8,3","7,8","0,5","-0,8","0,7","0,7","0,4","-1,1",-2,0,"3,5","1,8","-0,6","0,4","0,3","-0,5","Hässleholm,Kristianstad,Olofström,Östra Göinge,Älmhult,Markaryd",Skåne län
Oskarshamn,6,"4,5","4,2","4,2","4,6","5,2",5,"3,3","2,5","3,7","6,4","5,2","6,5","6,5","5,1","-1,5","-0,3",0,"0,4","0,6","-0,2","-1,7","-0,8","1,2","2,7","-1,2","1,3",0,"-1,4","Mönsterås,Högsby,Hultsfred,Vimmerby,Västervik",Kalmar län
Ovanåker,"9,1","8,1","7,3","7,3","8,2","7,3","7,2","5,2","4,5","9,6","9,1","8,1","8,6","9,3",9,-1,"-0,8",0,"0,9","-0,9","-0,1",-2,"-0,7","5,1","-0,5",-1,"0,5","0,7","-0,3","Rättvik,Ljusdal,Falun,Bollnäs",Gävleborgs län
Oxelösund,"5,4","5,1","5,1","5,3","4,8","5,3","4,8","3,7","2,5","6,5","7,6","7,1","7,2","8,1","7,1","-0,3",0,"0,2","-0,5","0,5","-0,5","-1,1","-1,2",4,"1,1","-0,5","0,1","0,9",-1,Nyköping,Södermanlands län
Pajala,"19,5","18,7",18,"15,3","16,4","16,6","14,4","9,5","7,6","12,6","13,6","11,9",10,"8,5",6,"-0,8","-0,7","-2,7","1,1","0,2","-2,2","-4,9","-1,9",5,1,"-1,7","-1,9","-1,5","-2,5","Kiruna,Gällivare,Övertorneå,Överkalix",Norrbottens län
Partille,"4,5","3,6","3,3","3,8","3,9","4,5","4,5","3,4","2,2","3,7","5,3","4,8","4,5","4,6","4,1","-0,9","-0,3","0,5","0,1","0,6",0,"-1,1","-1,2","1,5","1,6","-0,5","-0,3","0,1","-0,5","Göteborg,Härryda,Lerum",Västra Götalands län
Perstorp,"3,9","3,5","3,6","4,2","4,1","4,9","5,7","4,3","3,9","6,2","8,1","7,8","8,8","9,1","10,6","-0,4","0,1","0,6","-0,1","0,8","0,8","-1,4","-0,4","2,3","1,9","-0,3",1,"0,3","1,5","Hässleholm,Örkelljunga,Klippan",Skåne län
Piteå,"9,6","9,3","8,6","7,9",9,"9,8","8,5","6,1","4,9","7,2","9,1","8,4","7,9","7,5","6,8","-0,3","-0,7","-0,7","1,1","0,8","-1,3","-2,4","-1,2","2,3","1,9","-0,7","-0,5","-0,4","-0,7","Arvidsjaur,Skellefteå,Luleå,Boden,Älvsbyn",Norrbottens län
Ragunda,"7,9","7,2","9,2","9,2","7,7","9,2","8,7","6,9","5,1","9,3",13,"10,7","10,7","10,9","9,4","-0,7",2,0,"-1,5","1,5","-0,5","-1,8","-1,8","4,2","3,7","-2,3",0,"0,2","-1,5","Östersund,Bräcke,Sundsvall,Strömsund,Sollefteå",Jämtlands län
Robertsfors,"5,8","4,1","4,9","4,7","5,5","4,6","5,6","5,2","3,9","7,7","7,6","6,4","6,9","6,4","5,4","-1,7","0,8","-0,2","0,8","-0,9",1,"-0,4","-1,3","3,8","-0,1","-1,2","0,5","-0,5",-1,"Skellefteå,Umeå",Västerbottens län
Ronneby,"8,7","7,8","8,2","8,3","8,8","9,4","8,7","6,4","5,5","9,5","10,3","9,8","10,3","11,6","10,5","-0,9","0,4","0,1","0,5","0,6","-0,7","-2,3","-0,9",4,"0,8","-0,5","0,5","1,3","-1,1","Karlshamn,Emmaboda,Tingsryd,Karlskrona",Blekinge län
Rättvik,"10,1","8,3","7,9","7,6","8,7","8,3","7,1","5,6","4,5","6,6","7,8","6,8","6,8","6,5","6,2","-1,8","-0,4","-0,3","1,1","-0,4","-1,2","-1,5","-1,1","2,1","1,2",-1,0,"-0,3","-0,3","Orsa,Leksand,Mora,Ljusdal,Ovanåker,Falun",Dalarnas län
Sala,"6,4","4,6",4,"4,2","5,2","5,3","5,5",4,"3,8",6,"8,5","7,4","7,2","8,6",8,"-1,8","-0,6","0,2",1,"0,1","0,2","-1,5","-0,2","2,2","2,5","-1,1","-0,2","1,4","-0,6","Heby,Enköping,Norberg,Fagersta,Surahammar,Västerås,Sandviken,Avesta",Västmanlands län
Salem,"2,4","1,7","1,8","2,2","2,9","3,5",3,"2,3","2,2","3,2","4,3","4,1","4,1","4,4","4,6","-0,7","0,1","0,4","0,7","0,6","-0,5","-0,7","-0,1",1,"1,1","-0,2",0,"0,3","0,2","Södertälje,Botkyrka,Ekerö",Stockholms län
Sandviken,"9,1","8,3","7,2",7,"7,5","7,3","6,8",5,"4,7","8,3","11,1","9,7","10,3",11,"10,4","-0,8","-1,1","-0,2","0,5","-0,2","-0,5","-1,8","-0,3","3,6","2,8","-1,4","0,6","0,7","-0,6","Heby,Sala,Ockelbo,Hofors,Gävle,Avesta,Falun",Gävleborgs län
Sigtuna,"3,2","2,4","2,9","3,2","4,2","4,8","4,3","3,5","2,5","3,8","6,2","5,8",5,6,"5,4","-0,8","0,5","0,3",1,"0,6","-0,5","-0,8",-1,"1,3","2,4","-0,4","-0,8",1,"-0,6","Upplands Väsby,Upplands-Bro,Vallentuna,Knivsta,Håbo,Uppsala,Norrtälje",Stockholms län
Simrishamn,"6,3","3,4","3,3","4,3","5,3","5,4","5,3",5,"3,9","6,6","7,5","6,9","6,5","6,6","6,4","-2,9","-0,1",1,1,"0,1","-0,1","-0,3","-1,1","2,7","0,9","-0,6","-0,4","0,1","-0,2","Kristianstad,Ystad,Tomelilla",Skåne län
Sjöbo,"6,5","4,9","4,2","4,6","4,8","6,3","5,7","3,9","3,7","5,2","6,7","5,9","5,4","5,9","6,1","-1,6","-0,7","0,4","0,2","1,5","-0,6","-1,8","-0,2","1,5","1,5","-0,8","-0,5","0,5","0,2","Eslöv,Lund,Ystad,Tomelilla,Hörby,Skurup",Skåne län
Skara,5,"5,1",5,"5,8","5,3","5,7","5,6","4,3",4,"6,3","9,1","8,2","7,1","7,3","7,5","0,1","-0,1","0,8","-0,5","0,4","-0,1","-1,3","-0,3","2,3","2,8","-0,9","-1,1","0,2","0,2","Götene,Vara,Lidköping,Skövde,Falköping",Västra Götalands län
Skellefteå,"7,6","6,7","7,5",7,"7,8",8,"7,5","5,3",5,"8,1","10,1","8,4","8,2","7,7","7,4","-0,9","0,8","-0,5","0,8","0,2","-0,5","-2,2","-0,3","3,1",2,"-1,7","-0,2","-0,5","-0,3","Arvidsjaur,Vindeln,Norsjö,Piteå,Robertsfors,Umeå",Västerbottens län
Skinnskatteberg,"6,7","4,4","4,1",4,"5,1","6,2","6,8",5,"2,9","5,2","7,7",6,6,"7,3",7,"-2,3","-0,3","-0,1","1,1","1,1","0,6","-1,8","-2,1","2,3","2,5","-1,7",0,"1,3","-0,3","Lindesberg,Smedjebacken,Fagersta,Köping,Surahammar",Västmanlands län
Skurup,8,"6,6",6,"5,7","6,6","7,9","6,5","4,7","4,1","5,5","7,4","7,1","6,7","7,7","6,4","-1,4","-0,6","-0,3","0,9","1,3","-1,4","-1,8","-0,6","1,4","1,9","-0,3","-0,4",1,"-1,3","Trelleborg,Lund,Svedala,Ystad,Sjöbo",Skåne län
Skövde,"5,6","5,1","4,8","4,6","5,5","5,8","5,6","4,3","4,1","6,9","8,4","6,7","6,5","7,3","6,4","-0,5","-0,3","-0,2","0,9","0,3","-0,2","-1,3","-0,2","2,8","1,5","-1,7","-0,2","0,8","-0,9","Götene,Skara,Mariestad,Töreboda,Tibro,Hjo,Falköping,Tidaholm",Västra Götalands län
Smedjebacken,"10,6","8,7","7,8","7,9","7,6","6,9","6,7","4,6","3,5","5,6","7,4","6,3","5,5","5,6","4,9","-1,9","-0,9","0,1","-0,3","-0,7","-0,2","-2,1","-1,1","2,1","1,8","-1,1","-0,8","0,1","-0,7","Ludvika,Lindesberg,Ljusnarsberg,Norberg,Fagersta,Skinnskatteberg,Säter,Hedemora",Dalarnas län
Sollefteå,"10,5","8,7","8,4","9,5","9,7","9,8","10,5","8,8","8,2","9,7","13,2","12,8","11,6","12,1","11,6","-1,8","-0,3","1,1","0,2","0,1","0,7","-1,7","-0,6","1,5","3,5","-0,4","-1,2","0,5","-0,5","Härnösand,Timrå,Sundsvall,Kramfors,Örnsköldsvik,Dorotea,Åsele,Strömsund,Ragunda",Västernorrlands län
Sollentuna,"2,3","1,8","2,2","2,9","3,6","3,7","3,5","2,8","2,3","3,2","4,7","4,1","4,1","4,4",4,"-0,5","0,4","0,7","0,7","0,1","-0,2","-0,7","-0,5","0,9","1,5","-0,6",0,"0,3","-0,4","Upplands Väsby,Järfälla,Sundbyberg,Stockholm,Täby,Danderyd,Solna",Stockholms län
Solna,"3,2","2,4","2,6","3,2","3,8",4,"3,8","2,7","2,1","2,7",4,"3,8","3,7","4,2","4,1","-0,8","0,2","0,6","0,6","0,2","-0,2","-1,1","-0,6","0,6","1,3","-0,2","-0,1","0,5","-0,1","Sollentuna,Sundbyberg,Stockholm,Danderyd",Stockholms län
Sorsele,"6,9","7,7","6,5","6,4","6,5","8,1","6,7","4,8","5,5","5,3",8,"7,3","8,1",8,"5,8","0,8","-1,2","-0,1","0,1","1,6","-1,4","-1,9","0,7","-0,2","2,7","-0,7","0,8","-0,1","-2,2","Arvidsjaur,Malå,Lycksele,Storuman,Arjeplog",Västerbottens län
Sotenäs,"5,8","4,6","3,8",4,"4,1","3,8","4,6","3,4","2,2","3,6","5,7","4,4","4,7","4,9","4,4","-1,2","-0,8","0,2","0,1","-0,3","0,8","-1,2","-1,2","1,4","2,1","-1,3","0,3","0,2","-0,5","Munkedal,Tanum,Lysekil",Västra Götalands län
Staffanstorp,"5,2","3,7","3,6","4,4","3,8",5,"4,5","3,3","2,9","3,4","4,9","4,3","4,5","4,7","4,2","-1,5","-0,1","0,8","-0,6","1,2","-0,5","-1,2","-0,4","0,5","1,5","-0,6","0,2","0,2","-0,5","Lomma,Burlöv,Lund,Malmö,Svedala",Skåne län
Stenungsund,"4,5","3,7",3,"3,1",3,"3,9","3,8","3,4","2,5","3,8","4,9","3,8","3,9","3,8","3,6","-0,8","-0,7","0,1","-0,1","0,9","-0,1","-0,4","-0,9","1,3","1,1","-1,1","0,1","-0,1","-0,2","Kungälv,Uddevalla,Orust,Lilla Edet",Västra Götalands län
Stockholm,"3,6","2,9","3,4",4,"4,5","4,7","4,4","3,7",3,4,"5,3","5,1",5,"5,4","5,1","-0,7","0,5","0,6","0,5","0,2","-0,3","-0,7","-0,7",1,"1,3","-0,2","-0,1","0,4","-0,3","Sollentuna,Järfälla,Sundbyberg,Ekerö,Lidingö,Nacka,Tyresö,Huddinge,Danderyd,Solna",Stockholms län
Storfors,"10,8","8,5","7,8","7,6","8,3","8,6","8,2","6,2",5,"9,1","14,6","11,6","11,6",12,"11,5","-2,3","-0,7","-0,2","0,7","0,3","-0,4",-2,"-1,2","4,1","5,5",-3,0,"0,4","-0,5","Karlstad,Kristinehamn,Degerfors,Karlskoga,Hällefors,Filipstad",Värmlands län
Storuman,"8,3","8,3","9,9","9,9","9,8","9,7","8,5","5,7","5,4","5,8","8,4","7,3","7,6","7,4","6,3",0,"1,6",0,"-0,1","-0,1","-1,2","-2,8","-0,3","0,4","2,6","-1,1","0,3","-0,2","-1,1","Lycksele,Sorsele,Vilhelmina",Västerbottens län
Strängnäs,"5,4","4,1","3,9","3,8","4,1","5,4","5,6","4,3","3,7","5,2",7,"6,6","7,2","6,7","6,8","-1,3","-0,2","-0,1","0,3","1,3","0,2","-1,3","-0,6","1,5","1,8","-0,4","0,6","-0,5","0,1","Nykvarn,Eskilstuna,Flen,Gnesta",Södermanlands län
Strömstad,6,"5,6","4,3","3,5","4,7","4,6","4,8","2,9","1,7","4,1","4,4","3,6","3,7","3,8","4,6","-0,4","-1,3","-0,8","1,2","-0,1","0,2","-1,9","-1,2","2,4","0,3","-0,8","0,1","0,1","0,8",Tanum,Västra Götalands län
Strömsund,"13,3","11,1","10,8","10,4",11,11,"10,9",7,8,"11,3","12,9","11,8","10,4","11,2","9,4","-2,2","-0,3","-0,4","0,6",0,"-0,1","-3,9",1,"3,3","1,6","-1,1","-1,4","0,8","-1,8","Krokom,Östersund,Vilhelmina,Dorotea,Sollefteå,Ragunda",Jämtlands län
Sundbyberg,"3,1","2,6","3,1","3,5","4,4","4,6","4,7","3,4","2,7","3,9","5,7","5,8","6,1","6,8","6,7","-0,5","0,5","0,4","0,9","0,2","0,1","-1,3","-0,7","1,2","1,8","0,1","0,3","0,7","-0,1","Sollentuna,Stockholm,Solna",Stockholms län
Sundsvall,9,"6,9","6,5","7,1","7,3","7,4","7,3","5,8","4,9","7,2","9,7","8,7","8,8","8,5","8,1","-2,1","-0,4","0,6","0,2","0,1","-0,1","-1,5","-0,9","2,3","2,5",-1,"0,1","-0,3","-0,4","Ånge,Nordanstig,Bräcke,Härnösand,Timrå,Sollefteå,Ragunda",Västernorrlands län
Sunne,"9,1",8,"8,1","7,8",8,"7,5","6,3","4,3","4,5","7,4","8,1","6,5","6,6","6,4","6,1","-1,1","0,1","-0,3","0,2","-0,5","-1,2",-2,"0,2","2,9","0,7","-1,6","0,1","-0,2","-0,3","Arvika,Forshaga,Munkfors,Torsby,Kil,Hagfors",Värmlands län
Surahammar,"6,1","4,7","4,7","4,2","5,6","5,3","5,7","3,7","3,9","6,3","9,4","7,9","8,4","8,4","7,3","-1,4",0,"-0,5","1,4","-0,3","0,4",-2,"0,2","2,4","3,1","-1,5","0,5",0,"-1,1","Fagersta,Skinnskatteberg,Köping,Sala,Västerås,Hallstahammar",Västmanlands län
Svalöv,"6,1","5,3","4,5","5,6","5,8","5,9","4,8","3,3","2,5",5,"7,2","7,7","7,6","8,2","7,3","-0,8","-0,8","1,1","0,2","0,1","-1,1","-1,5","-0,8","2,5","2,2","0,5","-0,1","0,6","-0,9","Eslöv,Kävlinge,Helsingborg,Bjuv,Landskrona,Klippan,Åstorp",Skåne län
Svedala,"4,7","3,5","3,5","3,9","4,5","5,1","4,8","3,3","2,3","3,6","5,4","4,1","4,4","5,3","4,8","-1,2",0,"0,4","0,6","0,6","-0,3","-1,5",-1,"1,3","1,8","-1,3","0,3","0,9","-0,5","Trelleborg,Burlöv,Staffanstorp,Lund,Malmö,Vellinge,Skurup",Skåne län
Svenljunga,"4,7","3,9","3,5","3,5","3,6","4,2","4,1","2,7","2,8","5,6","6,5","4,9","5,1","5,1","4,4","-0,8","-0,4",0,"0,1","0,6","-0,1","-1,4","0,1","2,8","0,9","-1,6","0,2",0,"-0,7","Borås,Falkenberg,Mark,Varberg,Tranemo,Gislaved",Västra Götalands län
Säffle,"8,2","7,8","5,9",6,"6,5","6,7","5,8","4,3","4,1","7,2","10,1","9,3","8,6","9,4","10,7","-0,4","-1,9","0,1","0,5","0,2","-0,9","-1,5","-0,2","3,1","2,9","-0,8","-0,7","0,8","1,3","Åmål,Bengtsfors,Arvika,Årjäng,Grums",Värmlands län
Säter,"5,4","4,5","5,2",6,"6,5","5,7","6,1","3,8","2,6","4,5","5,6","4,5","4,7","5,2","4,8","-0,9","0,7","0,8","0,5","-0,8","0,4","-2,3","-1,2","1,9","1,1","-1,1","0,2","0,5","-0,4","Ludvika,Smedjebacken,Hofors,Falun,Borlänge,Hedemora",Dalarnas län
Sävsjö,"5,3","3,8","4,2","3,3",4,"3,8","3,6","2,6","2,2",6,"7,1","5,3","5,9","6,5","6,2","-1,5","0,4","-0,9","0,7","-0,2","-0,2",-1,"-0,4","3,8","1,1","-1,8","0,6","0,6","-0,3","Vetlanda,Växjö,Alvesta,Nässjö,Vaggeryd,Värnamo",Jönköpings län
Söderhamn,"9,6","8,6","9,4","11,2","12,5","12,6","11,6","9,4","7,1","9,8","12,6","10,2","10,3","10,4","10,4",-1,"0,8","1,8","1,3","0,1",-1,"-2,2","-2,3","2,7","2,8","-2,4","0,1","0,1",0,"Ockelbo,Gävle,Hudiksvall,Bollnäs",Gävleborgs län
Söderköping,"6,3",5,"4,5","4,1","4,7","5,7","5,2","4,2","3,6","4,4","6,1","5,7","5,7","5,7","5,9","-1,3","-0,5","-0,4","0,6",1,"-0,5",-1,"-0,6","0,8","1,7","-0,4",0,0,"0,2","Valdemarsvik,Åtvidaberg,Norrköping,Linköping",Östergötlands län
Södertälje,"4,4","3,7","3,3","3,4","4,5","5,6","5,2","4,5","4,3","6,7",10,"9,8","10,3","11,3","11,3","-0,7","-0,4","0,1","1,1","1,1","-0,4","-0,7","-0,2","2,4","3,3","-0,2","0,5",1,0,"Trosa,Nykvarn,Botkyrka,Salem,Gnesta",Stockholms län
Sölvesborg,"7,5","6,4","6,4","6,2","6,8","7,4","7,5","5,5","5,2","8,1","9,9","8,8",9,"9,6","8,3","-1,1",0,"-0,2","0,6","0,6","0,1",-2,"-0,3","2,9","1,8","-1,1","0,2","0,6","-1,3","Olofström,Bromölla,Karlshamn",Blekinge län
Tanum,"5,5","4,2","3,4","3,5","4,5","4,5","5,2","3,5","2,4","5,5","5,7","5,5","5,1","4,8","4,7","-1,3","-0,8","0,1",1,0,"0,7","-1,7","-1,1","3,1","0,2","-0,2","-0,4","-0,3","-0,1","Munkedal,Sotenäs,Strömstad,Dals-Ed",Västra Götalands län
Tibro,"7,6","6,4","7,2","6,7","7,8",8,"8,2","5,6","4,7","8,1",11,"8,9","9,3","8,6","8,6","-1,2","0,8","-0,5","1,1","0,2","0,2","-2,6","-0,9","3,4","2,9","-2,1","0,4","-0,7",0,"Töreboda,Karlsborg,Skövde,Hjo",Västra Götalands län
Tidaholm,"6,7","6,3","6,4","5,4","5,3","5,6","4,9","3,6","3,6","6,6","9,4","7,1","6,9","6,8","6,3","-0,4","0,1",-1,"-0,1","0,3","-0,7","-1,3",0,3,"2,8","-2,3","-0,2","-0,1","-0,5","Skövde,Hjo,Falköping,Mullsjö,Habo",Västra Götalands län
Tierp,"5,4","3,8","4,1","4,4","5,5","6,7","6,3","4,5","3,9","6,1","8,9","6,8","6,7",8,"7,6","-1,6","0,3","0,3","1,1","1,2","-0,4","-1,8","-0,6","2,2","2,8","-2,1","-0,1","1,3","-0,4","Heby,Östhammar,Älvkarleby,Uppsala,Gävle",Uppsala län
Timrå,"10,9","8,9","8,1","7,5","7,4","8,8","8,3","6,5","6,7","8,9","11,4",10,"10,1","10,2",9,-2,"-0,8","-0,6","-0,1","1,4","-0,5","-1,8","0,2","2,2","2,5","-1,4","0,1","0,1","-1,2","Härnösand,Sundsvall,Sollefteå",Västernorrlands län
Tingsryd,"5,4","4,8","4,8","4,9","5,2","4,5","4,8","2,9","2,6","5,3","7,1","5,9","6,3","7,5","6,4","-0,6",0,"0,1","0,3","-0,7","0,3","-1,9","-0,3","2,7","1,8","-1,2","0,4","1,2","-1,1","Olofström,Karlshamn,Ronneby,Emmaboda,Lessebo,Växjö,Alvesta,Älmhult",Kronobergs län
Tjörn,"4,7","3,5","3,7","3,9","3,5","3,6","3,8","2,7","1,8","3,3","4,1","3,1",3,"3,5",3,"-1,2","0,2","0,2","-0,4","0,1","0,2","-1,1","-0,9","1,5","0,8",-1,"-0,1","0,5","-0,5",Orust,Västra Götalands län
Tomelilla,"5,5","4,4","4,8","4,3","5,8","6,7","6,3","4,9","4,7","6,7","9,4","9,2","8,5","8,5","7,6","-1,1","0,4","-0,5","1,5","0,9","-0,4","-1,4","-0,2",2,"2,7","-0,2","-0,7",0,"-0,9","Simrishamn,Kristianstad,Ystad,Hörby,Sjöbo",Skåne län
Torsby,"10,1","8,7","7,1","6,8","6,6","6,1","5,2","3,9","3,7","6,7","7,6","6,4","5,8","5,4","6,1","-1,4","-1,6","-0,3","-0,2","-0,5","-0,9","-1,3","-0,2",3,"0,9","-1,2","-0,6","-0,4","0,7","Arvika,Sunne,Malung-Sälen,Hagfors",Värmlands län
Torsås,"7,7","5,5","5,3","5,1","5,1","6,2","6,2",4,"3,6","6,4","8,4","7,8","9,8","10,2","7,3","-2,2","-0,2","-0,2",0,"1,1",0,"-2,2","-0,4","2,8",2,"-0,6",2,"0,4","-2,9","Emmaboda,Karlskrona,Kalmar",Kalmar län
Tranemo,"3,6","3,2","2,4","2,6","2,8","2,4","2,4","1,6","1,6",4,"5,6","3,8","3,7","4,5","4,5","-0,4","-0,8","0,2","0,2","-0,4",0,"-0,8",0,"2,4","1,6","-1,8","-0,1","0,8",0,"Borås,Svenljunga,Ulricehamn,Gislaved,Jönköping",Västra Götalands län
Tranås,"6,5","4,7","4,2","3,9","4,5","5,2","4,8",3,"2,6","4,7","7,6","6,7","7,7","7,6","7,4","-1,8","-0,5","-0,3","0,6","0,7","-0,4","-1,8","-0,4","2,1","2,9","-0,9",1,"-0,1","-0,2","Boxholm,Ydre,Ödeshög,Aneby,Jönköping",Jönköpings län
Trelleborg,"6,8","5,2","5,2","5,5","5,7","6,2","5,8",4,"3,4",6,"8,3","7,4","7,3","8,4","7,9","-1,6",0,"0,3","0,2","0,5","-0,4","-1,8","-0,6","2,6","2,3","-0,9","-0,1","1,1","-0,5","Lund,Svedala,Vellinge,Skurup",Skåne län
Trollhättan,"7,8","7,2","5,8",6,"7,5","8,5","7,3","5,9","6,1","8,6","12,2","10,7","14,8","13,1","11,5","-0,6","-1,4","0,2","1,5",1,"-1,2","-1,4","0,2","2,5","3,6","-1,5","4,1","-1,7","-1,6","Uddevalla,Vänersborg,Alingsås,Ale,Lilla Edet,Essunga,Grästorp",Västra Götalands län
Trosa,"3,6","2,4","2,3","2,4","2,5","3,6","4,1","2,4","1,7","3,7","5,1",4,"4,5","5,2","4,1","-1,2","-0,1","0,1","0,1","1,1","0,5","-1,7","-0,7",2,"1,4","-1,1","0,5","0,7","-1,1","Södertälje,Gnesta,Nyköping",Södermanlands län
Tyresö,"2,6",2,"2,3","2,2","3,1","3,6","3,3","2,5","2,2","2,8","3,7","3,6","3,8","4,4","3,5","-0,6","0,3","-0,1","0,9","0,5","-0,3","-0,8","-0,3","0,6","0,9","-0,1","0,2","0,6","-0,9","Nacka,Stockholm,Huddinge,Haninge",Stockholms län
Täby,"2,1","1,5",2,"2,3","2,8",3,"2,6","1,8","1,2","1,8","2,9","2,3","2,5","2,7","2,4","-0,6","0,5","0,3","0,5","0,2","-0,4","-0,8","-0,6","0,6","1,1","-0,6","0,2","0,2","-0,3","Upplands Väsby,Sollentuna,Vallentuna,Österåker,Danderyd",Stockholms län
Töreboda,"8,4",8,6,"6,4","7,1","6,9","7,8","5,2","4,7","8,2",11,"9,2","9,4",9,9,"-0,4",-2,"0,4","0,7","-0,2","0,9","-2,6","-0,5","3,5","2,8","-1,8","0,2","-0,4",0,"Mariestad,Karlsborg,Tibro,Skövde,Gullspång,Laxå",Västra Götalands län
Uddevalla,"7,6","6,5","5,3","5,4","6,3","6,3","5,8","4,7","4,7","6,7",9,8,"8,4","7,6","7,5","-1,1","-1,2","0,1","0,9",0,"-0,5","-1,1",0,2,"2,3",-1,"0,4","-0,8","-0,1","Munkedal,Stenungsund,Lysekil,Orust,Färgelanda,Vänersborg,Trollhättan,Lilla Edet",Västra Götalands län
Ulricehamn,"4,9","4,3","4,9","4,7","4,8","4,4","4,5","3,3","2,6",5,"6,6","5,3",5,"5,1","4,5","-0,6","0,6","-0,2","0,1","-0,4","0,1","-1,2","-0,7","2,4","1,6","-1,3","-0,3","0,1","-0,6","Borås,Herrljunga,Tranemo,Falköping,Mullsjö,Jönköping",Västra Götalands län
Umeå,"4,7","3,9","4,1","4,3","5,1","5,9","6,3","4,7","3,7","5,3","6,9","5,8","6,1","5,7","5,3","-0,8","0,2","0,2","0,8","0,8","0,4","-1,6",-1,"1,6","1,6","-1,1","0,3","-0,4","-0,4","Vindeln,Nordmaling,Skellefteå,Robertsfors,Vännäs",Västerbottens län
Upplands Väsby,3,"2,5",3,"3,5","4,6",5,"4,8","3,5","2,6","3,8","5,1","4,8","5,1","5,3","5,1","-0,5","0,5","0,5","1,1","0,4","-0,2","-1,3","-0,9","1,2","1,3","-0,3","0,3","0,2","-0,2","Upplands-Bro,Sollentuna,Järfälla,Vallentuna,Sigtuna,Täby",Stockholms län
Upplands-Bro,"2,3","1,5","1,9","2,1","3,1","3,9","3,5",3,"2,4","3,9","5,9",5,5,"6,2","6,1","-0,8","0,4","0,2",1,"0,8","-0,4","-0,5","-0,6","1,5",2,"-0,9",0,"1,2","-0,1","Upplands Väsby,Järfälla,Ekerö,Sigtuna,Håbo",Stockholms län
Uppsala,"4,4","3,1","3,4","3,9","4,5","4,8","4,6","3,6","2,8","3,7","5,2","4,8","4,6","4,6","4,1","-1,3","0,3","0,5","0,6","0,3","-0,2",-1,"-0,8","0,9","1,5","-0,4","-0,2",0,"-0,5","Heby,Östhammar,Knivsta,Sigtuna,Håbo,Tierp,Enköping,Norrtälje",Uppsala län
Uppvidinge,"3,4","2,8","3,2","2,6","3,2","4,6","4,3","2,3",2,"6,8","7,3","6,5","7,1","9,8","8,3","-0,6","0,4","-0,6","0,6","1,4","-0,3",-2,"-0,3","4,8","0,5","-0,8","0,6","2,7","-1,5","Lessebo,Vetlanda,Växjö,Nybro,Högsby,Hultsfred",Kronobergs län
Vadstena,"4,1","3,6",3,"3,3","4,6","5,8","5,5","4,3","3,8","5,5",7,"6,6","6,1","6,2",6,"-0,5","-0,6","0,3","1,3","1,2","-0,3","-1,2","-0,5","1,7","1,5","-0,4","-0,5","0,1","-0,2","Motala,Mjölby,Ödeshög",Östergötlands län
Vaggeryd,"2,4","1,8","4,7","4,1","3,8","5,2","4,3","2,5","2,2","6,4",8,"5,2","6,3","6,8","6,3","-0,6","2,9","-0,6","-0,3","1,4","-0,9","-1,8","-0,3","4,2","1,6","-2,8","1,1","0,5","-0,5","Nässjö,Sävsjö,Värnamo,Gnosjö,Gislaved,Jönköping",Jönköpings län
Valdemarsvik,"5,4","4,2",5,"3,6","4,9","5,9","6,3","4,2","3,6","5,9","7,8","8,2","7,9","7,9","7,4","-1,2","0,8","-1,4","1,3",1,"0,4","-2,1","-0,6","2,3","1,9","0,4","-0,3",0,"-0,5","Västervik,Söderköping,Åtvidaberg",Östergötlands län
Vallentuna,"1,8","1,4","1,6",2,"2,6","2,6","2,7","1,6","1,1","1,7",3,"2,4","2,2","2,6","2,2","-0,4","0,2","0,4","0,6",0,"0,1","-1,1","-0,5","0,6","1,3","-0,6","-0,2","0,4","-0,4","Upplands Väsby,Sigtuna,Österåker,Norrtälje,Täby",Stockholms län
Vansbro,"7,7","7,1","7,6","7,6","7,4","8,3","9,8",6,"4,4","6,9","8,7",7,"6,2","7,1","5,9","-0,6","0,5",0,"-0,2","0,9","1,5","-3,8","-1,6","2,5","1,8","-1,7","-0,8","0,9","-1,2","Ludvika,Leksand,Mora,Malung-Sälen,Filipstad,Gagnef",Dalarnas län
Vara,"5,7","4,5","4,5","4,4","4,8","5,1",5,"2,8","2,4","5,2","7,1",6,"6,3","6,5","6,3","-1,2",0,"-0,1","0,4","0,3","-0,1","-2,2","-0,4","2,8","1,9","-1,1","0,3","0,2","-0,2","Skara,Herrljunga,Essunga,Grästorp,Lidköping,Falköping",Västra Götalands län
Varberg,"6,6","5,6","5,4","5,2","5,6","5,7","5,5","3,7","2,9",4,"5,9","5,1","4,9","4,9","4,1",-1,"-0,2","-0,2","0,4","0,1","-0,2","-1,8","-0,8","1,1","1,9","-0,8","-0,2",0,"-0,8","Svenljunga,Falkenberg,Mark,Kungsbacka",Hallands län
Vaxholm,"2,3","1,3","1,7","2,2","2,5","2,6","2,6","1,6","1,2","1,5","2,9","2,3","2,3","2,4","2,2",-1,"0,4","0,5","0,3","0,1",0,-1,"-0,4","0,3","1,4","-0,6",0,"0,1","-0,2","Lidingö,Österåker",Stockholms län
Vellinge,4,"3,2","3,1","3,5","3,9","4,2","3,7","2,8","2,1","2,8","4,2","3,8",4,"4,3",4,"-0,8","-0,1","0,4","0,4","0,3","-0,5","-0,9","-0,7","0,7","1,4","-0,4","0,2","0,3","-0,3","Trelleborg,Malmö,Svedala",Skåne län
Vetlanda,"4,3","3,5","3,8","3,3","3,6","4,1","3,5","2,4",2,"5,5","6,3","4,8","5,7","6,2","5,5","-0,8","0,3","-0,5","0,3","0,5","-0,6","-1,1","-0,4","3,5","0,8","-1,5","0,9","0,5","-0,7","Uppvidinge,Eksjö,Växjö,Högsby,Hultsfred,Nässjö,Sävsjö",Jönköpings län
Vilhelmina,"12,9","11,8","10,5","11,8","11,7","11,5","11,8","9,5","7,5","8,8","10,8","11,1","10,9","11,2","10,8","-1,1","-1,3","1,3","-0,1","-0,2","0,3","-2,3",-2,"1,3",2,"0,3","-0,2","0,3","-0,4","Lycksele,Storuman,Dorotea,Åsele,Strömsund",Västerbottens län
Vimmerby,"7,5","4,9",4,"4,7",5,"6,2","5,7","4,3","3,7",7,"8,2","6,5","6,7","7,2","5,8","-2,6","-0,9","0,7","0,3","1,2","-0,5","-1,4","-0,6","3,3","1,2","-1,7","0,2","0,5","-1,4","Eksjö,Oskarshamn,Hultsfred,Västervik,Kinda,Ydre",Kalmar län
Vindeln,"5,5","4,4","4,7","4,7","5,3","5,6","6,8","4,2","3,9","7,5","7,5","6,6","6,9","6,5","5,7","-1,1","0,3",0,"0,6","0,3","1,2","-2,6","-0,3","3,6",0,"-0,9","0,3","-0,4","-0,8","Norsjö,Bjurholm,Lycksele,Skellefteå,Umeå,Vännäs",Västerbottens län
Vingåker,"7,6","6,1","6,9","6,5","6,2","7,3","6,9","5,1","4,3","6,3","9,5",8,"8,9","10,4","9,6","-1,5","0,8","-0,4","-0,3","1,1","-0,4","-1,8","-0,8",2,"3,2","-1,5","0,9","1,5","-0,8","Finspång,Katrineholm,Örebro",Södermanlands län
Vårgårda,"4,8","3,1","3,3","2,8","3,8","4,4","5,2","3,5","2,8",6,"7,9","6,7","6,7","7,1","5,7","-1,7","0,2","-0,5",1,"0,6","0,8","-1,7","-0,7","3,2","1,9","-1,2",0,"0,4","-1,4","Borås,Bollebygd,Alingsås,Herrljunga,Essunga",Västra Götalands län
Vänersborg,"6,9","5,8",5,"5,2","5,8","5,7","5,8","4,8","3,7","6,5","9,5",8,"10,6","9,4","8,5","-1,1","-0,8","0,2","0,6","-0,1","0,1",-1,"-1,1","2,8",3,"-1,5","2,6","-1,2","-0,9","Uddevalla,Mellerud,Färgelanda,Trollhättan,Lilla Edet,Grästorp,Lidköping",Västra Götalands län
Vännäs,"3,5","3,3","3,2","3,8","4,8","4,8","5,2","4,2","2,9","4,4","6,6","6,5","6,3","7,2",6,"-0,2","-0,1","0,6",1,0,"0,4",-1,"-1,3","1,5","2,2","-0,1","-0,2","0,9","-1,2","Vindeln,Nordmaling,Bjurholm,Umeå",Västerbottens län
Värmdö,"2,7","2,1","1,9","2,2","2,6","2,9",3,"2,4","2,1","2,7","3,9","3,4","3,2","3,6","3,5","-0,6","-0,2","0,3","0,4","0,3","0,1","-0,6","-0,3","0,6","1,2","-0,5","-0,2","0,4","-0,1",Nacka,Stockholms län
Värnamo,3,"2,3","3,2","2,8","3,2","3,7","3,4","2,6","1,9","5,7","7,9","6,3","6,2","6,5","5,6","-0,7","0,9","-0,4","0,4","0,5","-0,3","-0,8","-0,7","3,8","2,2","-1,6","-0,1","0,3","-0,9","Alvesta,Ljungby,Sävsjö,Vaggeryd,Gnosjö,Gislaved",Jönköpings län
Västervik,"8,4","7,4","6,5","6,8",7,"9,3","9,3","6,2","4,6","7,1","9,3","7,7","8,2","9,2","7,5",-1,"-0,9","0,3","0,2","2,3",0,"-3,1","-1,6","2,5","2,2","-1,6","0,5",1,"-1,7","Oskarshamn,Vimmerby,Valdemarsvik,Åtvidaberg,Kinda",Kalmar län
Västerås,"7,2","6,1","6,3","6,8","7,2","7,6","7,7","5,9","5,1","6,7","8,4",8,"8,1","8,4","7,6","-1,1","0,2","0,5","0,4","0,4","0,1","-1,8","-0,8","1,6","1,7","-0,4","0,1","0,3","-0,8","Enköping,Köping,Sala,Surahammar,Hallstahammar",Västmanlands län
Växjö,"5,2","4,8",5,"4,4","4,8","5,5","5,3","3,7","3,6","5,9","7,9","7,2","7,9",8,"7,2","-0,4","0,2","-0,6","0,4","0,7","-0,2","-1,6","-0,1","2,3",2,"-0,7","0,7","0,1","-0,8","Lessebo,Uppvidinge,Vetlanda,Tingsryd,Alvesta,Sävsjö",Kronobergs län
Ydre,"4,7","3,4","3,5","3,9","3,7","4,1","4,8","2,8","2,1","4,8","5,1","3,8","3,8","4,4","3,6","-1,3","0,1","0,4","-0,2","0,4","0,7",-2,"-0,7","2,7","0,3","-1,3",0,"0,6","-0,8","Eksjö,Vimmerby,Boxholm,Kinda,Tranås,Aneby",Östergötlands län
Ystad,"6,8","4,9","5,6","5,4","5,6",6,"5,9","4,3","3,8","5,3","6,6","6,3","6,3","6,9","5,6","-1,9","0,7","-0,2","0,2","0,4","-0,1","-1,6","-0,5","1,5","1,3","-0,3",0,"0,6","-1,3","Simrishamn,Tomelilla,Sjöbo,Skurup",Skåne län
Åmål,"10,4","8,6","7,8","8,9","7,8","8,7","8,6",8,"6,4","9,4","11,9","10,1",10,"10,3",10,"-1,8","-0,8","1,1","-1,1","0,9","-0,1","-0,6","-1,6",3,"2,5","-1,8","-0,1","0,3","-0,3","Säffle,Bengtsfors,Mellerud,Årjäng",Västra Götalands län
Ånge,"9,1","7,2","6,3","6,5","6,9","9,2",9,"6,9","5,2","8,1","11,6","10,5","9,8","9,9","9,5","-1,9","-0,9","0,2","0,4","2,3","-0,2","-2,1","-1,7","2,9","3,5","-1,1","-0,7","0,1","-0,4","Berg,Härjedalen,Ljusdal,Nordanstig,Hudiksvall,Bräcke,Sundsvall",Västernorrlands län
Åre,"6,6","5,8","5,7","6,4","5,5","5,9","4,7","3,7",3,"4,1","5,7","4,8","4,1","4,6","4,4","-0,8","-0,1","0,7","-0,9","0,4","-1,2",-1,"-0,7","1,1","1,6","-0,9","-0,7","0,5","-0,2","Berg,Krokom",Jämtlands län
Årjäng,8,"6,8","6,3","6,4","7,1",6,"4,5","3,8","3,2","5,2","7,2","6,3","4,8","5,3","6,2","-1,2","-0,5","0,1","0,7","-1,1","-1,5","-0,7","-0,6",2,2,"-0,9","-1,5","0,5","0,9","Säffle,Åmål,Bengtsfors,Dals-Ed,Arvika,Eda",Värmlands län
Åsele,"10,5","9,5","11,1","10,5","10,9","10,2","10,3","7,9",8,"9,2","11,9","10,6","12,1","11,2","8,3",-1,"1,6","-0,6","0,4","-0,7","0,1","-2,4","0,1","1,2","2,7","-1,3","1,5","-0,9","-2,9","Bjurholm,Lycksele,Örnsköldsvik,Vilhelmina,Dorotea,Sollefteå",Västerbottens län
Åstorp,"8,2","6,1","4,7","4,9",7,"7,1","6,3","4,2","4,6","7,6","9,6","9,6","9,7","8,9","8,4","-2,1","-1,4","0,2","2,1","0,1","-0,8","-2,1","0,4",3,2,0,"0,1","-0,8","-0,5","Helsingborg,Bjuv,Svalöv,Klippan,Ängelholm",Skåne län
Åtvidaberg,"5,7","5,4","5,5","6,1","6,9",7,"7,3","5,3","5,6","7,8","9,3","7,1","7,2","7,6","6,4","-0,3","0,1","0,6","0,8","0,1","0,3",-2,"0,3","2,2","1,5","-2,2","0,1","0,4","-1,2","Västervik,Valdemarsvik,Söderköping,Linköping,Kinda",Östergötlands län
Älmhult,"3,4","4,4","3,5","3,2","3,9","4,1","3,7","2,6","1,8","4,5","6,2","4,9","5,5","6,3","4,9",1,"-0,9","-0,3","0,7","0,2","-0,4","-1,1","-0,8","2,7","1,7","-1,3","0,6","0,8","-1,4","Hässleholm,Olofström,Osby,Tingsryd,Alvesta,Ljungby,Markaryd",Kronobergs län
Älvdalen,"11,6","9,9","9,7","9,5","9,4","9,6","9,9","7,4","4,8","7,3","8,8",7,"7,8","8,1","6,6","-1,7","-0,2","-0,2","-0,1","0,2","0,3","-2,5","-2,6","2,5","1,5","-1,8","0,8","0,3","-1,5","Härjedalen,Mora,Malung-Sälen",Dalarnas län
Älvkarleby,"6,7",6,"6,4",7,"7,1","8,6","8,9","5,8",5,"6,8","9,3",9,"9,2","10,6","9,4","-0,7","0,4","0,6","0,1","1,5","0,3","-3,1","-0,8","1,8","2,5","-0,3","0,2","1,4","-1,2","Tierp,Gävle",Uppsala län
Älvsbyn,"11,1","9,6","9,6","9,6","9,7","11,5",11,"7,9","6,6","8,9","10,9","10,5","9,6","8,8","7,9","-1,5",0,0,"0,1","1,8","-0,5","-3,1","-1,3","2,3",2,"-0,4","-0,9","-0,8","-0,9","Arvidsjaur,Piteå,Luleå,Boden,Jokkmokk",Norrbottens län
Ängelholm,"6,1",5,"4,9","5,4","5,8","6,1","6,1","4,3","3,7","5,5","7,5","6,6","6,7","6,4","6,3","-1,1","-0,1","0,5","0,4","0,3",0,"-1,8","-0,6","1,8",2,"-0,9","0,1","-0,3","-0,1","Helsingborg,Laholm,Örkelljunga,Klippan,Åstorp,Båstad",Skåne län
Öckerö,"3,2","3,4","2,5","2,8","3,3","3,8","4,2","2,9",2,"3,3","4,6","3,9","3,6","3,5","3,2","0,2","-0,9","0,3","0,5","0,5","0,4","-1,3","-0,9","1,3","1,3","-0,7","-0,3","-0,1","-0,3",Göteborg,Västra Götalands län
Ödeshög,"5,5","4,9","4,8","4,4","5,5",6,"6,1","4,1","4,8","6,9","9,2","8,1","7,3","7,8","6,7","-0,6","-0,1","-0,4","1,1","0,5","0,1",-2,"0,7","2,1","2,3","-1,1","-0,8","0,5","-1,1","Mjölby,Boxholm,Tranås,Vadstena,Jönköping",Östergötlands län
Örebro,8,"7,4","6,7","6,4","7,1","7,9","7,7","6,4","6,4","6,9","8,6","7,5","7,6","7,8","7,2","-0,6","-0,7","-0,3","0,7","0,8","-0,2","-1,3",0,"0,5","1,7","-1,1","0,1","0,2","-0,6","Vingåker,Finspång,Lekeberg,Karlskoga,Nora,Kumla,Lindesberg,Hallsberg,Arboga",Örebro län
Örkelljunga,"4,5","4,4","3,7","3,7","4,2","4,2","3,8","3,1","1,9","4,9",7,"6,7","6,5","6,8","7,5","-0,1","-0,7",0,"0,5",0,"-0,4","-0,7","-1,2",3,"2,1","-0,3","-0,2","0,3","0,7","Hässleholm,Laholm,Perstorp,Klippan,Ängelholm,Markaryd",Skåne län
Örnsköldsvik,"8,6","7,1","6,5","6,9","6,5","7,5","7,4","5,7","5,4","7,2","10,3","9,4","9,4","8,7","7,8","-1,5","-0,6","0,4","-0,4",1,"-0,1","-1,7","-0,3","1,8","3,1","-0,9",0,"-0,7","-0,9","Nordmaling,Bjurholm,Kramfors,Åsele,Sollefteå",Västernorrlands län
Östersund,"7,6",6,"6,8",7,"7,3","7,9",8,"5,8","4,9","6,5","9,1","8,5","7,9",7,7,"-1,6","0,8","0,2","0,3","0,6","0,1","-2,2","-0,9","1,6","2,6","-0,6","-0,6","-0,9",0,"Berg,Krokom,Bräcke,Strömsund,Ragunda",Jämtlands län
Österåker,"2,3","1,5","1,9","2,5","2,8",3,"2,9","1,9","1,2","2,1","3,8","3,3","3,5","3,5",3,"-0,8","0,4","0,6","0,3","0,2","-0,1",-1,"-0,7","0,9","1,7","-0,5","0,2",0,"-0,5","Vallentuna,Norrtälje,Täby,Vaxholm",Stockholms län
Östhammar,"5,1",4,"4,1","4,9","4,2","4,4","4,4","2,6","2,3",3,"4,6","4,5","3,7","4,5","4,2","-1,1","0,1","0,8","-0,7","0,2",0,"-1,8","-0,3","0,7","1,6","-0,1","-0,8","0,8","-0,3","Tierp,Uppsala,Norrtälje",Uppsala län
Östra Göinge,"5,2","5,3","4,7","4,3","4,5","4,8","5,5","4,1","3,5","8,3","9,8","8,9","9,7","9,8","9,9","0,1","-0,6","-0,4","0,2","0,3","0,7","-1,4","-0,6","4,8","1,5","-0,9","0,8","0,1","0,1","Hässleholm,Kristianstad,Olofström,Osby",Skåne län
Överkalix,"16,2","15,9","12,8","11,6","14,8","15,2","12,4","9,7","8,6",13,"15,4","13,6","11,1","11,1",10,"-0,3","-3,1","-1,2","3,2","0,4","-2,8","-2,7","-1,1","4,4","2,4","-1,8","-2,5",0,"-1,1","Luleå,Boden,Gällivare,Övertorneå,Kalix,Pajala",Norrbottens län
Övertorneå,"18,6","17,9","16,1","18,5","17,8","16,9","14,8","10,7",8,13,"12,6","11,2","10,3","10,9","9,3","-0,7","-1,8","2,4","-0,7","-0,9","-2,1","-4,1","-2,7",5,"-0,4","-1,4","-0,9","0,6","-1,6","Haparanda,Kalix,Överkalix,Pajala",Norrbottens län
